,GS10_minus_DGS2,GS10_minus_DGS3MO,recession
1981-09-02,-1.5175,-1.495,1.0
1981-09-09,-1.476,-0.926,1.0
1981-09-16,-0.816,0.164,1.0
1981-09-23,-0.808,0.242,1.0
1981-09-30,-1.3,0.16,1.0
1981-10-07,-0.538,0.656,1.0
1981-10-14,-0.164,1.094,1.0
1981-10-21,-0.346,1.08,1.0
1981-10-28,-0.09,1.354,1.0
1981-11-04,-0.8833,0.42,1.0
1981-11-11,0.348,1.872,1.0
1981-11-18,0.986,2.632,1.0
1981-11-25,1.186,2.748,1.0
1981-12-02,1.04,2.924,1.0
1981-12-09,0.798,2.824,1.0
1981-12-16,0.502,2.304,1.0
1981-12-23,-0.16,2.09,1.0
1981-12-30,0.062,2.112,1.0
1982-01-06,0.472,2.514,1.0
1982-01-13,-0.078,1.866,1.0
1982-01-20,-0.342,1.124,1.0
1982-01-27,0.036,1.184,1.0
1982-02-03,-0.504,-0.152,1.0
1982-02-10,-0.662,-0.56,1.0
1982-02-17,-0.614,-0.492,1.0
1982-02-24,0.108,1.494,1.0
1982-03-03,-0.174,0.942,1.0
1982-03-10,-0.182,0.81,1.0
1982-03-17,-0.444,0.4,1.0
1982-03-24,-0.318,0.5,1.0
1982-03-31,-0.644,-0.16,1.0
1982-04-07,-0.508,0.108,1.0
1982-04-14,-0.404,0.494,1.0
1982-04-21,-0.218,0.906,1.0
1982-04-28,-0.124,0.74,1.0
1982-05-05,-0.3433,0.3367,1.0
1982-05-12,-0.19,0.572,1.0
1982-05-19,-0.086,1.148,1.0
1982-05-26,-0.014,1.594,1.0
1982-06-02,0.28,1.64,1.0
1982-06-09,0.236,1.662,1.0
1982-06-16,-0.296,1.24,1.0
1982-06-23,-0.644,0.776,1.0
1982-06-30,-0.586,0.666,1.0
1982-07-07,-0.534,1.026,1.0
1982-07-14,-0.05,1.74,1.0
1982-07-21,0.75,2.874,1.0
1982-07-28,0.606,2.962,1.0
1982-08-04,0.0367,2.8117,1.0
1982-08-11,0.048,2.984,1.0
1982-08-18,1.308,4.914,1.0
1982-08-25,1.394,5.31,1.0
1982-09-01,0.7,4.026,1.0
1982-09-08,0.482,3.746,1.0
1982-09-15,0.326,4.03,1.0
1982-09-22,0.656,4.566,1.0
1982-09-29,0.684,4.28,1.0
1982-10-06,-0.04,2.706,1.0
1982-10-13,1.038,3.136,1.0
1982-10-20,1.11,3.134,1.0
1982-10-27,0.978,2.714,1.0
1982-11-03,0.874,2.508,1.0
1982-11-10,0.758,2.202,1.0
1982-11-17,0.688,1.934,1.0
1982-11-24,0.786,2.336,1.0
1982-12-01,0.65,2.13,0.4
1982-12-08,0.74,2.32,0.0
1982-12-15,0.916,2.478,0.0
1982-12-22,0.98,2.37,0.0
1982-12-29,1.02,2.258,0.0
1983-01-05,1.0867,2.2733,0.0
1983-01-12,1.29,2.55,0.0
1983-01-19,1.214,2.456,0.0
1983-01-26,0.968,2.138,0.0
1983-02-02,0.984,2.226,0.0
1983-02-09,0.928,2.222,0.0
1983-02-16,1.03,2.27,0.0
1983-02-23,1.302,2.53,0.0
1983-03-02,1.28,2.29,0.0
1983-03-09,0.904,1.956,0.0
1983-03-16,0.852,1.902,0.0
1983-03-23,0.676,1.642,0.0
1983-03-30,0.604,1.512,0.0
1983-04-06,0.676,1.64,0.0
1983-04-13,0.86,1.946,0.0
1983-04-20,0.832,1.978,0.0
1983-04-27,0.96,1.982,0.0
1983-05-04,1.1267,2.0567,0.0
1983-05-11,1.11,2.054,0.0
1983-05-18,0.842,1.93,0.0
1983-05-25,0.572,1.58,0.0
1983-06-01,0.69,1.782,0.0
1983-06-08,0.692,1.75,0.0
1983-06-15,0.774,1.82,0.0
1983-06-22,0.53,1.506,0.0
1983-06-29,0.664,1.732,0.0
1983-07-06,0.888,2.028,0.0
1983-07-13,0.67,1.888,0.0
1983-07-20,0.676,1.918,0.0
1983-07-27,0.546,1.888,0.0
1983-08-03,0.67,2.052,0.0
1983-08-10,0.51,1.914,0.0
1983-08-17,0.918,2.096,0.0
1983-08-24,1.048,2.328,0.0
1983-08-31,0.632,2.138,0.0
1983-09-07,0.656,2.104,0.0
1983-09-14,0.822,2.208,0.0
1983-09-21,0.95,2.342,0.0
1983-09-28,1.086,2.544,0.0
1983-10-05,1.0467,2.525,0.0
1983-10-12,0.912,2.436,0.0
1983-10-19,1.032,2.676,0.0
1983-10-26,0.91,2.544,0.0
1983-11-02,1.008,2.748,0.0
1983-11-09,0.974,2.572,0.0
1983-11-16,1.034,2.532,0.0
1983-11-23,1.058,2.554,0.0
1983-11-30,1.058,2.494,0.0
1983-12-07,1.036,2.506,0.0
1983-12-14,0.936,2.38,0.0
1983-12-21,0.968,2.472,0.0
1983-12-28,0.98,2.506,0.0
1984-01-04,0.875,2.36,0.0
1984-01-11,1.006,2.432,0.0
1984-01-18,1.106,2.432,0.0
1984-01-25,1.044,2.378,0.0
1984-02-01,1.216,2.504,0.0
1984-02-08,1.166,2.394,0.0
1984-02-15,1.068,2.386,0.0
1984-02-22,0.918,2.296,0.0
1984-02-29,1.028,2.498,0.0
1984-03-07,1.232,2.666,0.0
1984-03-14,1.078,2.522,0.0
1984-03-21,0.802,2.174,0.0
1984-03-28,0.778,2.212,0.0
1984-04-04,0.9717,2.5083,0.0
1984-04-11,1.076,2.61,0.0
1984-04-18,0.926,2.498,0.0
1984-04-25,0.838,2.618,0.0
1984-05-02,1.294,3.146,0.0
1984-05-09,1.078,3.042,0.0
1984-05-16,0.914,3.134,0.0
1984-05-23,0.756,3.234,0.0
1984-05-30,0.538,3.342,0.0
1984-06-06,0.854,3.36,0.0
1984-06-13,0.734,3.212,0.0
1984-06-20,0.578,3.254,0.0
1984-06-27,0.41,3.356,0.0
1984-07-04,0.23,3.0333,0.0
1984-07-11,0.394,2.908,0.0
1984-07-18,0.484,2.828,0.0
1984-07-25,0.66,2.686,0.0
1984-08-01,0.478,2.126,0.0
1984-08-08,0.344,1.808,0.0
1984-08-15,0.324,1.99,0.0
1984-08-22,0.294,1.848,0.0
1984-08-29,0.172,1.624,0.0
1984-09-05,-0.0283,1.4583,0.0
1984-09-12,0.282,1.714,0.0
1984-09-19,0.48,1.806,0.0
1984-09-26,0.462,1.866,0.0
1984-10-03,0.126,1.554,0.0
1984-10-10,0.322,1.72,0.0
1984-10-17,0.526,1.954,0.0
1984-10-24,0.944,2.462,0.0
1984-10-31,0.842,2.476,0.0
1984-11-07,0.742,2.598,0.0
1984-11-14,0.75,2.582,0.0
1984-11-21,1.104,2.708,0.0
1984-11-28,1.198,2.862,0.0
1984-12-05,1.0267,2.7583,0.0
1984-12-12,1.136,2.938,0.0
1984-12-19,1.562,3.422,0.0
1984-12-26,1.582,3.576,0.0
1985-01-02,1.362,3.306,0.0
1985-01-09,1.374,3.362,0.0
1985-01-16,1.39,3.39,0.0
1985-01-23,1.566,3.454,0.0
1985-01-30,1.55,3.212,0.0
1985-02-06,1.482,3.054,0.0
1985-02-13,1.48,3.014,0.0
1985-02-20,1.352,2.936,0.0
1985-02-27,1.046,2.804,0.0
1985-03-06,1.134,2.846,0.0
1985-03-13,1.13,2.998,0.0
1985-03-20,1.054,3.04,0.0
1985-03-27,1.274,3.266,0.0
1985-04-03,0.934,2.986,0.0
1985-04-10,1.144,3.068,0.0
1985-04-17,1.546,3.302,0.0
1985-04-24,1.592,3.396,0.0
1985-05-01,1.228,3.03,0.0
1985-05-08,1.174,2.824,0.0
1985-05-15,1.412,3.098,0.0
1985-05-22,1.718,3.354,0.0
1985-05-29,1.814,3.42,0.0
1985-06-05,1.4817,2.9033,0.0
1985-06-12,1.436,2.9,0.0
1985-06-19,1.612,3.132,0.0
1985-06-26,1.31,2.96,0.0
1985-07-03,1.71,3.164,0.0
1985-07-10,1.69,3.092,0.0
1985-07-17,1.582,3.004,0.0
1985-07-24,1.34,2.848,0.0
1985-07-31,1.264,2.796,0.0
1985-08-07,1.274,2.882,0.0
1985-08-14,1.384,2.972,0.0
1985-08-21,1.48,3.026,0.0
1985-08-28,1.468,3.024,0.0
1985-09-04,1.405,2.995,0.0
1985-09-11,1.262,2.894,0.0
1985-09-18,1.32,3.018,0.0
1985-09-25,1.598,3.252,0.0
1985-10-02,1.42,3.022,0.0
1985-10-09,1.276,2.836,0.0
1985-10-16,1.35,2.794,0.0
1985-10-23,1.39,2.782,0.0
1985-10-30,1.386,2.708,0.0
1985-11-06,1.118,2.29,0.0
1985-11-13,1.186,2.262,0.0
1985-11-20,1.26,2.308,0.0
1985-11-27,1.27,2.364,0.0
1985-12-04,0.7683,1.7933,0.0
1985-12-11,1.136,1.932,0.0
1985-12-18,1.262,1.972,0.0
1985-12-25,1.254,2.006,0.0
1986-01-01,1.218,1.948,0.0
1986-01-08,1.044,1.83,0.0
1986-01-15,0.92,1.786,0.0
1986-01-22,1.014,1.952,0.0
1986-01-29,1.156,1.982,0.0
1986-02-05,0.69,1.43,0.0
1986-02-12,0.65,1.364,0.0
1986-02-19,0.702,1.434,0.0
1986-02-26,0.888,1.436,0.0
1986-03-05,0.305,0.735,0.0
1986-03-12,0.606,0.99,0.0
1986-03-19,0.584,1.09,0.0
1986-03-26,0.696,1.21,0.0
1986-04-02,0.496,0.894,0.0
1986-04-09,0.634,1.048,0.0
1986-04-16,0.834,1.288,0.0
1986-04-23,0.598,1.092,0.0
1986-04-30,0.61,1.172,0.0
1986-05-07,0.89,1.482,0.0
1986-05-14,0.618,1.388,0.0
1986-05-21,0.49,1.32,0.0
1986-05-28,0.468,1.296,0.0
1986-06-04,0.335,1.2,0.0
1986-06-11,0.476,1.322,0.0
1986-06-18,0.73,1.516,0.0
1986-06-25,0.866,1.544,0.0
1986-07-02,0.632,1.272,0.0
1986-07-09,0.58,1.272,0.0
1986-07-16,0.72,1.376,0.0
1986-07-23,0.674,1.356,0.0
1986-07-30,0.62,1.27,0.0
1986-08-06,0.59,1.294,0.0
1986-08-13,0.752,1.41,0.0
1986-08-20,0.96,1.534,0.0
1986-08-27,1.12,1.752,0.0
1986-09-03,1.364,2.106,0.0
1986-09-10,1.104,2.112,0.0
1986-09-17,1.024,2.126,0.0
1986-09-24,1.034,2.064,0.0
1986-10-01,1.09,2.11,0.0
1986-10-08,1.292,2.236,0.0
1986-10-15,1.158,2.118,0.0
1986-10-22,1.056,1.988,0.0
1986-10-29,1.134,2.094,0.0
1986-11-05,0.9833,1.8533,0.0
1986-11-12,0.87,1.688,0.0
1986-11-19,0.986,1.734,0.0
1986-11-26,1.04,1.712,0.0
1986-12-03,0.904,1.544,0.0
1986-12-10,0.886,1.468,0.0
1986-12-17,0.812,1.386,0.0
1986-12-24,0.81,1.394,0.0
1986-12-31,0.74,1.29,0.0
1987-01-07,0.86,1.466,0.0
1987-01-14,0.86,1.578,0.0
1987-01-21,0.894,1.588,0.0
1987-01-28,0.818,1.422,0.0
1987-02-04,0.89,1.4767,0.0
1987-02-11,0.766,1.332,0.0
1987-02-18,0.85,1.524,0.0
1987-02-25,0.902,1.654,0.0
1987-03-04,0.8917,1.5617,0.0
1987-03-11,0.824,1.414,0.0
1987-03-18,0.848,1.526,0.0
1987-03-25,0.804,1.474,0.0
1987-04-01,1.098,1.972,0.0
1987-04-08,1.328,2.226,0.0
1987-04-15,1.002,2.09,0.0
1987-04-22,0.776,2.3,0.0
1987-04-29,0.696,2.266,0.0
1987-05-06,1.01,2.822,0.0
1987-05-13,0.884,2.734,0.0
1987-05-20,0.61,2.736,0.0
1987-05-27,0.79,2.77,0.0
1987-06-03,0.656,2.512,0.0
1987-06-10,0.752,2.674,0.0
1987-06-17,0.95,2.568,0.0
1987-06-24,0.912,2.444,0.0
1987-07-01,0.998,2.572,0.0
1987-07-08,1.092,2.668,0.0
1987-07-15,1.104,2.704,0.0
1987-07-22,0.992,2.596,0.0
1987-07-29,0.83,2.296,0.0
1987-08-05,1.0833,2.665,0.0
1987-08-12,1.094,2.624,0.0
1987-08-19,1.03,2.514,0.0
1987-08-26,0.874,2.312,0.0
1987-09-02,1.178,2.88,0.0
1987-09-09,1.056,2.82,0.0
1987-09-16,1.11,2.844,0.0
1987-09-23,1.05,2.698,0.0
1987-09-30,0.878,2.598,0.0
1987-10-07,0.688,2.64,0.0
1987-10-14,0.412,2.32,0.0
1987-10-21,1.432,3.62,0.0
1987-10-28,1.922,4.176,0.0
1987-11-04,1.245,3.11,0.0
1987-11-11,1.204,2.91,0.0
1987-11-18,1.14,2.882,0.0
1987-11-25,1.094,2.954,0.0
1987-12-02,1.218,3.378,0.0
1987-12-09,1.062,2.934,0.0
1987-12-16,1.084,2.888,0.0
1987-12-23,1.142,2.986,0.0
1987-12-30,1.114,3.012,0.0
1988-01-06,0.864,2.618,0.0
1988-01-13,0.924,2.668,0.0
1988-01-20,1.092,2.622,0.0
1988-01-27,1.284,2.74,0.0
1988-02-03,1.008,2.354,0.0
1988-02-10,1.072,2.382,0.0
1988-02-17,0.978,2.304,0.0
1988-02-24,1.042,2.404,0.0
1988-03-02,1.22,2.54,0.0
1988-03-09,1.142,2.466,0.0
1988-03-16,1.164,2.572,0.0
1988-03-23,0.988,2.432,0.0
1988-03-30,1.022,2.542,0.0
1988-04-06,1.168,2.544,0.0
1988-04-13,1.2,2.658,0.0
1988-04-20,1.1,2.714,0.0
1988-04-27,1.054,2.632,0.0
1988-05-04,1.305,2.7683,0.0
1988-05-11,1.14,2.636,0.0
1988-05-18,1.074,2.676,0.0
1988-05-25,0.912,2.538,0.0
1988-06-01,0.844,2.33,0.0
1988-06-08,0.92,2.282,0.0
1988-06-15,0.984,2.364,0.0
1988-06-22,0.838,2.214,0.0
1988-06-29,0.912,2.168,0.0
1988-07-06,0.966,2.28,0.0
1988-07-13,0.774,2.14,0.0
1988-07-20,0.716,2.124,0.0
1988-07-27,0.668,1.904,0.0
1988-08-03,0.9,2.14,0.0
1988-08-10,0.646,2.044,0.0
1988-08-17,0.532,1.988,0.0
1988-08-24,0.508,1.82,0.0
1988-08-31,0.484,1.624,0.0
1988-09-07,0.532,1.458,0.0
1988-09-14,0.582,1.57,0.0
1988-09-21,0.54,1.552,0.0
1988-09-28,0.456,1.436,0.0
1988-10-05,0.4017,1.3033,0.0
1988-10-12,0.482,1.256,0.0
1988-10-19,0.436,1.15,0.0
1988-10-26,0.456,1.126,0.0
1988-11-02,0.638,1.296,0.0
1988-11-09,0.4,1.116,0.0
1988-11-16,0.244,0.776,0.0
1988-11-23,0.078,0.672,0.0
1988-11-30,0.064,0.8,0.0
1988-12-07,0.124,0.87,0.0
1988-12-14,-0.048,0.73,0.0
1988-12-21,0.018,0.714,0.0
1988-12-28,-0.038,0.69,0.0
1989-01-04,-0.14,0.615,0.0
1989-01-11,-0.144,0.54,0.0
1989-01-18,-0.04,0.566,0.0
1989-01-25,-0.012,0.508,0.0
1989-02-01,0.0,0.458,0.0
1989-02-08,-0.09,0.342,0.0
1989-02-15,-0.224,0.346,0.0
1989-02-22,-0.334,0.316,0.0
1989-03-01,-0.264,0.3,0.0
1989-03-08,-0.152,0.404,0.0
1989-03-15,-0.31,0.3,0.0
1989-03-22,-0.49,-0.01,0.0
1989-03-29,-0.446,0.026,0.0
1989-04-05,-0.3733,0.02,0.0
1989-04-12,-0.384,0.172,0.0
1989-04-19,-0.212,0.322,0.0
1989-04-26,-0.152,0.342,0.0
1989-05-03,-0.358,0.012,0.0
1989-05-10,-0.25,0.128,0.0
1989-05-17,-0.092,0.268,0.0
1989-05-24,0.0,0.154,0.0
1989-05-31,-0.156,-0.21,0.0
1989-06-07,-0.096,-0.184,0.0
1989-06-14,-0.134,-0.142,0.0
1989-06-21,-0.224,-0.13,0.0
1989-06-28,0.054,-0.022,0.0
1989-07-05,0.04,-0.11,0.0
1989-07-12,0.234,-0.01,0.0
1989-07-19,0.136,-0.218,0.8
1989-07-26,0.274,-0.234,1.0
1989-08-02,0.484,0.122,1.0
1989-08-09,0.096,-0.082,1.0
1989-08-16,-0.148,-0.116,1.0
1989-08-23,-0.246,-0.146,1.0
1989-08-30,-0.284,-0.044,1.0
1989-09-06,-0.152,0.096,1.0
1989-09-13,0.044,0.332,1.0
1989-09-20,-0.05,0.192,1.0
1989-09-27,-0.22,0.082,1.0
1989-10-04,-0.3417,-0.0417,1.0
1989-10-11,0.022,0.108,1.0
1989-10-18,0.15,0.258,1.0
1989-10-25,0.196,0.156,1.0
1989-11-01,0.048,-0.112,1.0
1989-11-08,0.006,-0.13,1.0
1989-11-15,0.122,-0.054,1.0
1989-11-22,0.17,0.018,1.0
1989-11-29,0.1,-0.02,1.0
1989-12-06,0.066,-0.022,1.0
1989-12-13,0.06,-0.06,1.0
1989-12-20,0.134,-0.01,1.0
1989-12-27,-0.016,-0.078,1.0
1990-01-03,0.31,0.38,1.0
1990-01-10,0.298,0.434,1.0
1990-01-17,0.096,0.282,1.0
1990-01-24,-0.006,0.264,1.0
1990-01-31,0.008,0.296,1.0
1990-02-07,0.104,0.4,1.0
1990-02-14,0.168,0.548,1.0
1990-02-21,0.018,0.484,1.0
1990-02-28,0.086,0.498,1.0
1990-03-07,0.0,0.414,1.0
1990-03-14,-0.114,0.36,1.0
1990-03-21,-0.066,0.386,1.0
1990-03-28,-0.016,0.472,1.0
1990-04-04,0.2117,0.7467,1.0
1990-04-11,0.234,0.748,1.0
1990-04-18,0.044,0.764,1.0
1990-04-25,-0.16,0.744,1.0
1990-05-02,-0.176,0.646,1.0
1990-05-09,0.078,0.758,1.0
1990-05-16,0.204,0.826,1.0
1990-05-23,0.222,0.784,1.0
1990-05-30,0.232,0.702,1.0
1990-06-06,0.148,0.52,1.0
1990-06-13,0.168,0.524,1.0
1990-06-20,0.072,0.474,1.0
1990-06-27,0.124,0.446,1.0
1990-07-04,0.2317,0.495,1.0
1990-07-11,0.166,0.476,1.0
1990-07-18,0.346,0.648,1.0
1990-07-25,0.404,0.686,1.0
1990-08-01,0.762,0.968,1.0
1990-08-08,0.77,1.136,1.0
1990-08-15,0.746,1.052,1.0
1990-08-22,0.518,0.954,1.0
1990-08-29,0.592,1.038,1.0
1990-09-05,0.8283,1.2633,1.0
1990-09-12,0.834,1.262,1.0
1990-09-19,0.814,1.272,1.0
1990-09-26,0.766,1.364,1.0
1990-10-03,0.836,1.362,1.0
1990-10-10,0.786,1.352,1.0
1990-10-17,0.816,1.28,1.0
1990-10-24,0.894,1.29,1.0
1990-10-31,0.84,1.252,1.0
1990-11-07,0.744,1.084,1.0
1990-11-14,0.796,1.096,1.0
1990-11-21,0.816,1.102,1.0
1990-11-28,0.846,1.126,1.0
1990-12-05,0.6183,0.8617,1.0
1990-12-12,0.796,1.032,1.0
1990-12-19,0.81,1.214,1.0
1990-12-26,0.786,1.39,1.0
1991-01-02,0.962,1.43,1.0
1991-01-09,0.944,1.584,1.0
1991-01-16,0.914,1.844,1.0
1991-01-23,0.992,1.798,1.0
1991-01-30,1.008,1.686,1.0
1991-02-06,1.042,1.734,1.0
1991-02-13,1.064,1.81,1.0
1991-02-20,0.962,1.744,1.0
1991-02-27,0.856,1.686,1.0
1991-03-06,0.982,1.87,1.0
1991-03-13,1.094,2.096,1.0
1991-03-20,0.956,2.05,1.0
1991-03-27,1.028,2.12,1.0
1991-04-03,1.074,2.11,0.0
1991-04-10,1.1,2.274,0.0
1991-04-17,1.092,2.228,0.0
1991-04-24,1.062,2.206,0.0
1991-05-01,1.246,2.372,0.0
1991-05-08,1.232,2.414,0.0
1991-05-15,1.222,2.456,0.0
1991-05-22,1.29,2.456,0.0
1991-05-29,1.422,2.448,0.0
1991-06-05,1.4583,2.5333,0.0
1991-06-12,1.244,2.526,0.0
1991-06-19,1.324,2.518,0.0
1991-06-26,1.298,2.546,0.0
1991-07-03,1.28,2.524,0.0
1991-07-10,1.316,2.526,0.0
1991-07-17,1.366,2.504,0.0
1991-07-24,1.38,2.512,0.0
1991-07-31,1.322,2.416,0.0
1991-08-07,1.338,2.334,0.0
1991-08-14,1.504,2.448,0.0
1991-08-21,1.618,2.5,0.0
1991-08-28,1.54,2.398,0.0
1991-09-04,1.3283,2.165,0.0
1991-09-11,1.44,2.26,0.0
1991-09-18,1.468,2.302,0.0
1991-09-25,1.556,2.332,0.0
1991-10-02,1.582,2.332,0.0
1991-10-09,1.602,2.364,0.0
1991-10-16,1.63,2.38,0.0
1991-10-23,1.554,2.366,0.0
1991-10-30,1.76,2.518,0.0
1991-11-06,1.778,2.61,0.0
1991-11-13,1.806,2.668,0.0
1991-11-20,1.908,2.8,0.0
1991-11-27,1.982,2.908,0.0
1991-12-04,1.8183,2.6433,0.0
1991-12-11,2.02,2.814,0.0
1991-12-18,2.082,2.952,0.0
1991-12-25,2.256,3.176,0.0
1992-01-01,2.272,3.094,0.0
1992-01-08,2.288,3.154,0.0
1992-01-15,2.012,3.118,0.0
1992-01-22,2.012,3.154,0.0
1992-01-29,1.894,3.092,0.0
1992-02-05,2.2617,3.4183,0.0
1992-02-12,2.236,3.478,0.0
1992-02-19,2.03,3.384,0.0
1992-02-26,1.966,3.288,0.0
1992-03-04,2.0533,3.42,0.0
1992-03-11,1.884,3.42,0.0
1992-03-18,1.702,3.38,0.0
1992-03-25,1.792,3.41,0.0
1992-04-01,1.972,3.384,0.0
1992-04-08,2.224,3.592,0.0
1992-04-15,2.248,3.768,0.0
1992-04-22,2.078,3.71,0.0
1992-04-29,2.062,3.676,0.0
1992-05-06,2.09,3.678,0.0
1992-05-13,2.228,3.706,0.0
1992-05-20,2.224,3.692,0.0
1992-05-27,2.134,3.598,0.0
1992-06-03,2.046,3.46,0.0
1992-06-10,2.16,3.496,0.0
1992-06-17,2.258,3.54,0.0
1992-06-24,2.296,3.528,0.0
1992-07-01,2.292,3.496,0.0
1992-07-08,2.432,3.554,0.0
1992-07-15,2.542,3.582,0.0
1992-07-22,2.564,3.596,0.0
1992-07-29,2.532,3.586,0.0
1992-08-05,2.275,3.3533,0.0
1992-08-12,2.432,3.414,0.0
1992-08-19,2.51,3.442,0.0
1992-08-26,2.342,3.358,0.0
1992-09-02,2.384,3.284,0.0
1992-09-09,2.566,3.448,0.0
1992-09-16,2.564,3.466,0.0
1992-09-23,2.51,3.472,0.0
1992-09-30,2.738,3.75,0.0
1992-10-07,2.764,3.756,0.0
1992-10-14,2.576,3.634,0.0
1992-10-21,2.312,3.57,0.0
1992-10-28,2.236,3.576,0.0
1992-11-04,2.4333,3.785,0.0
1992-11-11,2.36,3.72,0.0
1992-11-18,2.234,3.634,0.0
1992-11-25,2.176,3.554,0.0
1992-12-02,2.012,3.412,0.0
1992-12-09,2.116,3.452,0.0
1992-12-16,2.052,3.49,0.0
1992-12-23,2.148,3.524,0.0
1992-12-30,2.154,3.524,0.0
1993-01-06,2.076,3.428,0.0
1993-01-13,2.174,3.538,0.0
1993-01-20,2.246,3.548,0.0
1993-01-27,2.36,3.616,0.0
1993-02-03,2.066,3.272,0.0
1993-02-10,2.054,3.268,0.0
1993-02-17,2.192,3.28,0.0
1993-02-24,2.314,3.25,0.0
1993-03-03,2.134,2.96,0.0
1993-03-10,1.948,2.938,0.0
1993-03-17,1.988,2.944,0.0
1993-03-24,2.046,2.996,0.0
1993-03-31,2.026,3.006,0.0
1993-04-07,2.066,3.0,0.0
1993-04-14,2.168,3.064,0.0
1993-04-21,2.204,3.098,0.0
1993-04-28,2.14,3.004,0.0
1993-05-05,2.2533,3.1017,0.0
1993-05-12,2.184,3.064,0.0
1993-05-19,1.974,2.982,0.0
1993-05-26,1.832,2.906,0.0
1993-06-02,1.77,2.838,0.0
1993-06-09,1.688,2.784,0.0
1993-06-16,1.846,2.842,0.0
1993-06-23,1.808,2.792,0.0
1993-06-30,1.892,2.822,0.0
1993-07-07,1.828,2.724,0.0
1993-07-14,1.814,2.72,0.0
1993-07-21,1.67,2.668,0.0
1993-07-28,1.624,2.674,0.0
1993-08-04,1.5367,2.5467,0.0
1993-08-11,1.616,2.586,0.0
1993-08-18,1.712,2.612,0.0
1993-08-25,1.8,2.616,0.0
1993-09-01,1.656,2.43,0.0
1993-09-08,1.586,2.342,0.0
1993-09-15,1.482,2.334,0.0
1993-09-22,1.462,2.372,0.0
1993-09-29,1.52,2.38,0.0
1993-10-06,1.496,2.286,0.0
1993-10-13,1.516,2.244,0.0
1993-10-20,1.458,2.21,0.0
1993-10-27,1.364,2.198,0.0
1993-11-03,1.574,2.558,0.0
1993-11-10,1.58,2.538,0.0
1993-11-17,1.586,2.544,0.0
1993-11-24,1.526,2.528,0.0
1993-12-01,1.54,2.558,0.0
1993-12-08,1.584,2.622,0.0
1993-12-15,1.544,2.666,0.0
1993-12-22,1.564,2.634,0.0
1993-12-29,1.55,2.68,0.0
1994-01-05,1.5033,2.6317,0.0
1994-01-12,1.648,2.718,0.0
1994-01-19,1.632,2.726,0.0
1994-01-26,1.646,2.76,0.0
1994-02-02,1.682,2.77,0.0
1994-02-09,1.536,2.648,0.0
1994-02-16,1.492,2.624,0.0
1994-02-23,1.32,2.55,0.0
1994-03-02,1.582,2.822,0.0
1994-03-09,1.548,2.88,0.0
1994-03-16,1.498,2.87,0.0
1994-03-23,1.42,2.892,0.0
1994-03-30,1.394,3.008,0.0
1994-04-06,1.526,3.27,0.0
1994-04-13,1.518,3.31,0.0
1994-04-20,1.314,3.136,0.0
1994-04-27,1.316,3.004,0.0
1994-05-04,1.2983,3.0517,0.0
1994-05-11,1.026,2.862,0.0
1994-05-18,1.326,2.9,0.0
1994-05-25,1.236,2.876,0.0
1994-06-01,1.186,2.86,0.0
1994-06-08,1.298,2.874,0.0
1994-06-15,1.238,2.874,0.0
1994-06-22,1.114,2.82,0.0
1994-06-29,1.004,2.862,0.0
1994-07-06,1.14,2.904,0.0
1994-07-13,1.132,2.804,0.0
1994-07-20,1.25,2.876,0.0
1994-07-27,1.158,2.79,0.0
1994-08-03,1.214,2.77,0.0
1994-08-10,1.006,2.718,0.0
1994-08-17,1.026,2.53,0.0
1994-08-24,1.008,2.552,0.0
1994-08-31,1.154,2.636,0.0
1994-09-07,1.224,2.782,0.0
1994-09-14,1.11,2.74,0.0
1994-09-21,0.986,2.618,0.0
1994-09-28,0.902,2.678,0.0
1994-10-05,1.06,2.7133,0.0
1994-10-12,1.11,2.69,0.0
1994-10-19,1.05,2.656,0.0
1994-10-26,0.876,2.574,0.0
1994-11-02,0.964,2.67,0.0
1994-11-09,0.918,2.582,0.0
1994-11-16,0.81,2.456,0.0
1994-11-23,0.732,2.49,0.0
1994-11-30,0.49,2.198,0.0
1994-12-07,0.302,1.922,0.0
1994-12-14,0.2,1.984,0.0
1994-12-21,0.176,2.164,0.0
1994-12-28,0.11,2.122,0.0
1995-01-04,0.1083,1.9567,0.0
1995-01-11,0.212,1.94,0.0
1995-01-18,0.32,1.928,0.0
1995-01-25,0.33,1.83,0.0
1995-02-01,0.322,1.592,0.0
1995-02-08,0.248,1.506,0.0
1995-02-15,0.322,1.552,0.0
1995-02-22,0.492,1.592,0.0
1995-03-01,0.476,1.38,0.0
1995-03-08,0.29,1.256,0.0
1995-03-15,0.494,1.274,0.0
1995-03-22,0.492,1.3,0.0
1995-03-29,0.472,1.338,0.0
1995-04-05,0.3483,1.1733,0.0
1995-04-12,0.472,1.258,0.0
1995-04-19,0.6,1.27,0.0
1995-04-26,0.542,1.206,0.0
1995-05-03,0.2,0.798,0.0
1995-05-10,0.476,0.8,0.0
1995-05-17,0.48,0.76,0.0
1995-05-24,0.568,0.756,0.0
1995-05-31,0.646,0.704,0.0
1995-06-07,0.434,0.442,0.0
1995-06-14,0.418,0.518,0.0
1995-06-21,0.51,0.578,0.0
1995-06-28,0.418,0.58,0.0
1995-07-05,0.5717,0.6617,0.0
1995-07-12,0.67,0.724,0.0
1995-07-19,0.422,0.674,0.0
1995-07-26,0.338,0.676,0.0
1995-08-02,0.542,0.854,0.0
1995-08-09,0.544,0.922,0.0
1995-08-16,0.394,0.882,0.0
1995-08-23,0.452,0.916,0.0
1995-08-30,0.574,0.964,0.0
1995-09-06,0.408,0.712,0.0
1995-09-13,0.442,0.732,0.0
1995-09-20,0.414,0.828,0.0
1995-09-27,0.312,0.792,0.0
1995-10-04,0.265,0.57,0.0
1995-10-11,0.318,0.576,0.0
1995-10-18,0.364,0.606,0.0
1995-10-25,0.374,0.652,0.0
1995-11-01,0.434,0.5,0.0
1995-11-08,0.424,0.39,0.0
1995-11-15,0.448,0.384,0.0
1995-11-22,0.438,0.422,0.0
1995-11-29,0.484,0.394,0.0
1995-12-06,0.378,0.228,0.0
1995-12-13,0.33,0.3,0.0
1995-12-20,0.364,0.55,0.0
1995-12-27,0.478,0.668,0.0
1996-01-03,0.47,0.474,0.0
1996-01-10,0.452,0.466,0.0
1996-01-17,0.582,0.516,0.0
1996-01-24,0.564,0.528,0.0
1996-01-31,0.738,0.638,0.0
1996-02-07,0.9,0.856,0.0
1996-02-14,0.966,0.888,0.0
1996-02-21,0.714,0.858,0.0
1996-02-28,0.584,0.902,0.0
1996-03-06,0.874,1.248,0.0
1996-03-13,0.512,1.166,0.0
1996-03-20,0.478,1.132,0.0
1996-03-27,0.492,1.12,0.0
1996-04-03,0.666,1.356,0.0
1996-04-10,0.44,1.412,0.0
1996-04-17,0.556,1.536,0.0
1996-04-24,0.568,1.406,0.0
1996-05-01,0.568,1.516,0.0
1996-05-08,0.604,1.606,0.0
1996-05-15,0.7,1.594,0.0
1996-05-22,0.708,1.562,0.0
1996-05-29,0.602,1.562,0.0
1996-06-05,0.6483,1.6933,0.0
1996-06-12,0.548,1.656,0.0
1996-06-19,0.592,1.68,0.0
1996-06-26,0.662,1.692,0.0
1996-07-03,0.628,1.594,0.0
1996-07-10,0.526,1.566,0.0
1996-07-17,0.646,1.594,0.0
1996-07-24,0.62,1.572,0.0
1996-07-31,0.612,1.48,0.0
1996-08-07,0.694,1.466,0.0
1996-08-14,0.678,1.464,0.0
1996-08-21,0.636,1.478,0.0
1996-08-28,0.422,1.412,0.0
1996-09-04,0.4767,1.515,0.0
1996-09-11,0.556,1.554,0.0
1996-09-18,0.596,1.564,0.0
1996-09-25,0.71,1.712,0.0
1996-10-02,0.598,1.526,0.0
1996-10-09,0.594,1.404,0.0
1996-10-16,0.616,1.394,0.0
1996-10-23,0.602,1.388,0.0
1996-10-30,0.656,1.302,0.0
1996-11-06,0.442,1.026,0.0
1996-11-13,0.492,1.028,0.0
1996-11-20,0.522,1.024,0.0
1996-11-27,0.552,1.046,0.0
1996-12-04,0.6517,1.24,0.0
1996-12-11,0.532,1.346,0.0
1996-12-18,0.452,1.294,0.0
1996-12-25,0.458,1.202,0.0
1997-01-01,0.572,1.27,0.0
1997-01-08,0.588,1.422,0.0
1997-01-15,0.574,1.434,0.0
1997-01-22,0.556,1.412,0.0
1997-01-29,0.552,1.4,0.0
1997-02-05,0.5217,1.29,0.0
1997-02-12,0.566,1.28,0.0
1997-02-19,0.598,1.316,0.0
1997-02-26,0.414,1.23,0.0
1997-03-05,0.575,1.4617,0.0
1997-03-12,0.55,1.472,0.0
1997-03-19,0.442,1.382,0.0
1997-03-26,0.31,1.304,0.0
1997-04-02,0.424,1.544,0.0
1997-04-09,0.434,1.62,0.0
1997-04-16,0.422,1.594,0.0
1997-04-23,0.406,1.546,0.0
1997-04-30,0.484,1.528,0.0
1997-05-07,0.41,1.5,0.0
1997-05-14,0.446,1.51,0.0
1997-05-21,0.45,1.46,0.0
1997-05-28,0.428,1.604,0.0
1997-06-04,0.295,1.4317,0.0
1997-06-11,0.368,1.478,0.0
1997-06-18,0.46,1.436,0.0
1997-06-25,0.45,1.386,0.0
1997-07-02,0.278,1.092,0.0
1997-07-09,0.312,1.092,0.0
1997-07-16,0.318,1.014,0.0
1997-07-23,0.334,0.996,0.0
1997-07-30,0.428,0.986,0.0
1997-08-06,0.36,1.008,0.0
1997-08-13,0.354,0.986,0.0
1997-08-20,0.404,1.052,0.0
1997-08-27,0.316,1.036,0.0
1997-09-03,0.244,1.03,0.0
1997-09-10,0.232,1.078,0.0
1997-09-17,0.38,1.124,0.0
1997-09-24,0.406,1.23,0.0
1997-10-01,0.342,1.036,0.0
1997-10-08,0.27,0.928,0.0
1997-10-15,0.178,0.948,0.0
1997-10-22,0.168,0.91,0.0
1997-10-29,0.376,0.85,0.0
1997-11-05,0.1817,0.6117,0.0
1997-11-12,0.168,0.584,0.0
1997-11-19,0.176,0.594,0.0
1997-11-26,0.148,0.614,0.0
1997-12-03,0.048,0.538,0.0
1997-12-10,0.066,0.58,0.0
1997-12-17,0.13,0.554,0.0
1997-12-24,0.128,0.404,0.0
1997-12-31,0.04,0.314,0.0
1998-01-07,0.188,0.368,0.0
1998-01-14,0.264,0.39,0.0
1998-01-21,0.186,0.396,0.0
1998-01-28,0.142,0.324,0.0
1998-02-04,0.2233,0.3817,0.0
1998-02-11,0.178,0.352,0.0
1998-02-18,0.196,0.362,0.0
1998-02-25,0.028,0.266,0.0
1998-03-04,0.0467,0.4283,0.0
1998-03-11,0.12,0.558,0.0
1998-03-18,0.144,0.49,0.0
1998-03-25,0.08,0.46,0.0
1998-04-01,0.096,0.516,0.0
1998-04-08,0.162,0.566,0.0
1998-04-15,0.084,0.536,0.0
1998-04-22,0.042,0.558,0.0
1998-04-29,-0.016,0.596,0.0
1998-05-06,0.064,0.534,0.0
1998-05-13,0.03,0.502,0.0
1998-05-20,0.048,0.43,0.0
1998-05-27,0.076,0.534,0.0
1998-06-03,-0.052,0.394,0.0
1998-06-10,-0.022,0.358,0.0
1998-06-17,-0.006,0.31,0.0
1998-06-24,-0.008,0.444,0.0
1998-07-01,0.008,0.378,0.0
1998-07-08,0.03,0.382,0.0
1998-07-15,0.004,0.312,0.0
1998-07-22,-0.008,0.376,0.0
1998-07-29,-0.022,0.386,0.0
1998-08-05,-0.0767,0.2683,0.0
1998-08-12,0.004,0.302,0.0
1998-08-19,0.018,0.29,0.0
1998-08-26,0.254,0.314,0.0
1998-09-02,0.006,0.02,0.0
1998-09-09,0.038,-0.056,0.0
1998-09-16,0.108,0.072,0.0
1998-09-23,0.276,0.136,0.0
1998-09-30,0.386,0.314,0.0
1998-10-07,0.42,0.464,0.0
1998-10-14,0.452,0.592,0.0
1998-10-21,0.458,0.562,0.0
1998-10-28,0.434,0.32,0.0
1998-11-04,0.4767,0.305,0.0
1998-11-11,0.314,0.308,0.0
1998-11-18,0.212,0.37,0.0
1998-11-25,0.188,0.25,0.0
1998-12-02,0.254,0.192,0.0
1998-12-09,0.196,0.19,0.0
1998-12-16,0.218,0.172,0.0
1998-12-23,-0.038,0.104,0.0
1998-12-30,0.07,0.132,0.0
1999-01-06,0.084,0.248,0.0
1999-01-13,0.108,0.256,0.0
1999-01-20,0.108,0.34,0.0
1999-01-27,0.13,0.252,0.0
1999-02-03,0.272,0.494,0.0
1999-02-10,0.186,0.482,0.0
1999-02-17,0.078,0.458,0.0
1999-02-24,-0.048,0.348,0.0
1999-03-03,0.048,0.582,0.0
1999-03-10,0.184,0.618,0.0
1999-03-17,0.23,0.688,0.0
1999-03-24,0.21,0.722,0.0
1999-03-31,0.22,0.74,0.0
1999-04-07,0.268,0.768,0.0
1999-04-14,0.218,0.86,0.0
1999-04-21,0.176,0.794,0.0
1999-04-28,0.154,0.672,0.0
1999-05-05,0.415,0.9317,0.0
1999-05-12,0.35,0.93,0.0
1999-05-19,0.198,0.896,0.0
1999-05-26,0.188,0.89,0.0
1999-06-02,0.306,1.15,0.0
1999-06-09,0.28,1.246,0.0
1999-06-16,0.304,1.2,0.0
1999-06-23,0.21,1.152,0.0
1999-06-30,0.246,1.082,0.0
1999-07-07,0.178,1.1,0.0
1999-07-14,0.268,1.08,0.0
1999-07-21,0.302,1.158,0.0
1999-07-28,0.198,1.078,0.0
1999-08-04,0.305,1.1467,0.0
1999-08-11,0.174,1.07,0.0
1999-08-18,0.26,1.134,0.0
1999-08-25,0.33,0.972,0.0
1999-09-01,0.212,0.968,0.0
1999-09-08,0.25,1.086,0.0
1999-09-15,0.26,1.17,0.0
1999-09-22,0.282,1.114,0.0
1999-09-29,0.296,1.096,0.0
1999-10-06,0.328,1.27,0.0
1999-10-13,0.268,1.152,0.0
1999-10-20,0.19,0.978,0.0
1999-10-27,0.19,0.978,0.0
1999-11-03,0.252,0.898,0.0
1999-11-10,0.248,0.826,0.0
1999-11-17,0.158,0.774,0.0
1999-11-24,0.068,0.746,0.0
1999-12-01,0.152,0.894,0.0
1999-12-08,0.32,1.038,0.0
1999-12-15,0.194,0.888,0.0
1999-12-22,0.052,0.736,0.0
1999-12-29,0.064,0.948,0.0
2000-01-05,0.3333,1.2483,0.0
2000-01-12,0.228,1.236,0.0
2000-01-19,0.192,1.174,0.0
2000-01-26,0.178,1.072,0.0
2000-02-02,-0.058,0.862,0.0
2000-02-09,-0.156,0.84,0.0
2000-02-16,-0.132,0.79,0.0
2000-02-23,-0.042,0.722,0.0
2000-03-01,-0.144,0.586,0.0
2000-03-08,-0.252,0.42,0.0
2000-03-15,-0.24,0.386,0.0
2000-03-22,-0.276,0.344,1.0
2000-03-29,-0.314,0.378,1.0
2000-04-05,-0.4117,0.12,1.0
2000-04-12,-0.358,0.164,1.0
2000-04-19,-0.36,0.186,1.0
2000-04-26,-0.54,0.208,1.0
2000-05-03,-0.318,0.5,1.0
2000-05-10,-0.42,0.29,1.0
2000-05-17,-0.452,0.378,1.0
2000-05-24,-0.326,0.516,1.0
2000-05-31,-0.346,0.516,1.0
2000-06-07,-0.428,0.156,1.0
2000-06-14,-0.354,0.24,1.0
2000-06-21,-0.376,0.272,1.0
2000-06-28,-0.336,0.262,1.0
2000-07-05,-0.27,0.0617,1.0
2000-07-12,-0.288,-0.094,1.0
2000-07-19,-0.35,-0.11,1.0
2000-07-26,-0.262,-0.152,1.0
2000-08-02,-0.36,-0.372,1.0
2000-08-09,-0.36,-0.436,1.0
2000-08-16,-0.45,-0.442,1.0
2000-08-23,-0.396,-0.464,1.0
2000-08-30,-0.376,-0.482,1.0
2000-09-06,-0.308,-0.418,1.0
2000-09-13,-0.302,-0.314,1.0
2000-09-20,-0.28,-0.36,1.0
2000-09-27,-0.236,-0.408,1.0
2000-10-04,-0.2583,-0.505,1.0
2000-10-11,-0.178,-0.484,1.0
2000-10-18,-0.108,-0.562,1.0
2000-10-25,-0.138,-0.618,1.0
2000-11-01,-0.192,-0.65,1.0
2000-11-08,-0.246,-0.684,1.0
2000-11-15,-0.174,-0.648,1.0
2000-11-22,-0.138,-0.64,1.0
2000-11-29,-0.09,-0.634,1.0
2000-12-06,-0.25,-0.864,1.0
2000-12-13,-0.224,-0.816,1.0
2000-12-20,0.008,-0.43,1.0
2000-12-27,0.122,-0.486,1.0
2001-01-03,0.314,-0.428,1.0
2001-01-10,0.438,-0.112,1.0
2001-01-17,0.34,-0.158,1.0
2001-01-24,0.372,-0.08,1.0
2001-01-31,0.478,0.1,1.0
2001-02-07,0.4,0.032,1.0
2001-02-14,0.32,0.048,1.0
2001-02-21,0.436,0.104,1.0
2001-02-28,0.576,0.184,1.0
2001-03-07,0.428,0.15,1.0
2001-03-14,0.546,0.306,1.0
2001-03-21,0.654,0.514,1.0
2001-03-28,0.604,0.57,1.0
2001-04-04,0.985,1.0033,1.0
2001-04-11,0.87,1.146,1.0
2001-04-18,0.798,1.176,1.0
2001-04-25,0.954,1.326,1.0
2001-05-02,1.108,1.472,1.0
2001-05-09,1.226,1.654,1.0
2001-05-16,1.086,1.772,1.0
2001-05-23,1.064,1.732,1.0
2001-05-30,1.084,1.698,1.0
2001-06-06,1.132,1.64,1.0
2001-06-13,1.214,1.722,1.0
2001-06-20,1.306,1.784,1.0
2001-06-27,1.176,1.734,1.0
2001-07-04,1.0167,1.5867,1.0
2001-07-11,1.142,1.624,1.0
2001-07-18,1.224,1.666,1.0
2001-07-25,1.292,1.682,1.0
2001-08-01,1.222,1.54,1.0
2001-08-08,1.16,1.488,1.0
2001-08-15,1.238,1.558,1.0
2001-08-22,1.236,1.568,1.0
2001-08-29,1.288,1.568,1.0
2001-09-05,1.05,1.3633,1.0
2001-09-12,1.44,1.698,1.0
2001-09-19,1.82,2.384,1.0
2001-09-26,1.874,2.342,1.0
2001-10-03,1.806,2.318,1.0
2001-10-10,1.786,2.34,1.0
2001-10-17,1.792,2.356,1.0
2001-10-24,1.854,2.396,1.0
2001-10-31,2.114,2.55,1.0
2001-11-07,2.246,2.784,1.0
2001-11-14,1.898,2.768,1.0
2001-11-21,1.59,2.698,1.0
2001-11-28,1.618,2.78,1.0
2001-12-05,2.1033,3.3383,0.0
2001-12-12,2.012,3.398,0.0
2001-12-19,1.936,3.382,0.0
2001-12-26,1.88,3.36,0.0
2002-01-02,1.902,3.316,0.0
2002-01-09,2.064,3.38,0.0
2002-01-16,2.182,3.43,0.0
2002-01-23,1.986,3.346,0.0
2002-01-30,1.906,3.264,0.0
2002-02-06,1.93,3.164,0.0
2002-02-13,1.886,3.16,0.0
2002-02-20,1.926,3.154,0.0
2002-02-27,1.9,3.21,0.0
2002-03-06,1.938,3.484,0.0
2002-03-13,1.7,3.432,0.0
2002-03-20,1.576,3.43,0.0
2002-03-27,1.568,3.47,0.0
2002-04-03,1.614,3.426,0.0
2002-04-10,1.74,3.486,0.0
2002-04-17,1.818,3.482,0.0
2002-04-24,1.908,3.478,0.0
2002-05-01,1.954,3.41,0.0
2002-05-08,1.938,3.392,0.0
2002-05-15,1.812,3.392,0.0
2002-05-22,1.88,3.412,0.0
2002-05-29,1.918,3.41,0.0
2002-06-05,1.765,3.18,0.0
2002-06-12,1.888,3.194,0.0
2002-06-19,2.028,3.204,0.0
2002-06-26,2.056,3.216,0.0
2002-07-03,1.826,2.93,0.0
2002-07-10,1.978,2.93,0.0
2002-07-17,2.076,2.932,0.0
2002-07-24,2.33,2.954,0.0
2002-07-31,2.25,2.802,0.0
2002-08-07,2.216,2.636,0.0
2002-08-14,2.116,2.622,0.0
2002-08-21,2.08,2.616,0.0
2002-08-28,2.068,2.58,0.0
2002-09-04,1.8133,2.2167,0.0
2002-09-11,1.746,2.182,0.0
2002-09-18,1.862,2.192,0.0
2002-09-25,1.94,2.222,0.0
2002-10-02,2.166,2.342,0.0
2002-10-09,2.162,2.346,0.0
2002-10-16,1.912,2.288,0.0
2002-10-23,1.798,2.266,0.0
2002-10-30,2.192,2.466,0.0
2002-11-06,2.208,2.746,0.0
2002-11-13,2.206,2.832,0.0
2002-11-20,2.06,2.828,0.0
2002-11-27,1.97,2.822,0.0
2002-12-04,2.0117,2.8067,0.0
2002-12-11,2.16,2.816,0.0
2002-12-18,2.202,2.814,0.0
2002-12-25,2.32,2.848,0.0
2003-01-01,2.358,2.822,0.0
2003-01-08,2.254,2.852,0.0
2003-01-15,2.296,2.858,0.0
2003-01-22,2.374,2.876,0.0
2003-01-29,2.332,2.872,0.0
2003-02-05,2.2067,2.7267,0.0
2003-02-12,2.272,2.724,0.0
2003-02-19,2.278,2.714,0.0
2003-02-26,2.328,2.694,0.0
2003-03-05,2.3333,2.6317,0.0
2003-03-12,2.344,2.704,0.0
2003-03-19,2.086,2.65,0.0
2003-03-26,2.158,2.644,0.0
2003-04-02,2.388,2.808,0.0
2003-04-09,2.352,2.808,0.0
2003-04-16,2.256,2.778,0.0
2003-04-23,2.3,2.796,0.0
2003-04-30,2.248,2.676,0.0
2003-05-07,2.092,2.462,0.0
2003-05-14,2.134,2.498,0.0
2003-05-21,2.214,2.508,0.0
2003-05-28,2.232,2.47,0.0
2003-06-04,2.0667,2.2517,0.0
2003-06-11,2.188,2.386,0.0
2003-06-18,2.112,2.47,0.0
2003-06-25,2.05,2.454,0.0
2003-07-02,2.538,2.97,0.0
2003-07-09,2.632,3.076,0.0
2003-07-16,2.526,3.07,0.0
2003-07-23,2.424,3.05,0.0
2003-07-30,2.36,3.104,0.0
2003-08-06,2.684,3.492,0.0
2003-08-13,2.632,3.494,0.0
2003-08-20,2.556,3.484,0.0
2003-08-27,2.468,3.45,0.0
2003-09-03,2.342,3.298,0.0
2003-09-10,2.576,3.308,0.0
2003-09-17,2.616,3.32,0.0
2003-09-24,2.612,3.328,0.0
2003-10-01,2.74,3.334,0.0
2003-10-08,2.638,3.37,0.0
2003-10-15,2.484,3.362,0.0
2003-10-22,2.456,3.34,0.0
2003-10-29,2.482,3.326,0.0
2003-11-05,2.3667,3.3417,0.0
2003-11-12,2.314,3.344,0.0
2003-11-19,2.46,3.348,0.0
2003-11-26,2.334,3.356,0.0
2003-12-03,2.226,3.334,0.0
2003-12-10,2.366,3.35,0.0
2003-12-17,2.428,3.374,0.0
2003-12-24,2.414,3.376,0.0
2003-12-31,2.354,3.288,0.0
2004-01-07,2.318,3.254,0.0
2004-01-14,2.484,3.264,0.0
2004-01-21,2.46,3.26,0.0
2004-01-28,2.342,3.228,0.0
2004-02-04,2.2683,3.145,0.0
2004-02-11,2.328,3.146,0.0
2004-02-18,2.366,3.142,0.0
2004-02-25,2.4,3.116,0.0
2004-03-03,2.14,2.868,0.0
2004-03-10,2.304,2.868,0.0
2004-03-17,2.288,2.886,0.0
2004-03-24,2.302,2.886,0.0
2004-03-31,2.364,3.088,0.0
2004-04-07,2.47,3.412,0.0
2004-04-14,2.314,3.406,0.0
2004-04-21,2.182,3.376,0.0
2004-04-28,2.062,3.372,0.0
2004-05-05,2.33,3.7133,0.0
2004-05-12,2.1,3.688,0.0
2004-05-19,2.15,3.678,0.0
2004-05-26,2.182,3.648,0.0
2004-06-02,2.104,3.568,0.0
2004-06-09,1.968,3.454,0.0
2004-06-16,1.89,3.406,0.0
2004-06-23,1.958,3.422,0.0
2004-06-30,1.924,3.316,0.0
2004-07-07,1.948,3.202,0.0
2004-07-14,1.918,3.156,0.0
2004-07-21,1.836,3.138,0.0
2004-07-28,1.744,3.046,0.0
2004-08-04,1.6633,2.8067,0.0
2004-08-11,1.774,2.816,0.0
2004-08-18,1.824,2.794,0.0
2004-08-25,1.786,2.734,0.0
2004-09-01,1.718,2.584,0.0
2004-09-08,1.592,2.478,0.0
2004-09-15,1.64,2.456,0.0
2004-09-22,1.602,2.408,0.0
2004-09-29,1.522,2.404,0.0
2004-10-06,1.434,2.392,0.0
2004-10-13,1.558,2.37,0.0
2004-10-20,1.546,2.27,0.0
2004-10-27,1.528,2.19,0.0
2004-11-03,1.542,2.204,0.0
2004-11-10,1.37,2.112,0.0
2004-11-17,1.298,2.056,0.0
2004-11-24,1.194,1.998,0.0
2004-12-01,1.198,1.992,0.0
2004-12-08,1.296,1.984,0.0
2004-12-15,1.234,2.018,0.0
2004-12-22,1.192,2.034,0.0
2004-12-29,1.14,1.996,0.0
2005-01-05,1.0567,1.915,0.0
2005-01-12,0.992,1.868,0.0
2005-01-19,0.994,1.852,0.0
2005-01-26,0.974,1.806,0.0
2005-02-02,0.874,1.684,0.0
2005-02-09,0.868,1.656,0.0
2005-02-16,0.772,1.582,0.0
2005-02-23,0.684,1.494,0.0
2005-03-02,0.852,1.68,0.0
2005-03-09,0.84,1.744,0.0
2005-03-16,0.772,1.698,0.0
2005-03-23,0.664,1.65,0.0
2005-03-30,0.632,1.648,0.0
2005-04-06,0.604,1.558,0.0
2005-04-13,0.688,1.568,0.0
2005-04-20,0.772,1.442,0.0
2005-04-27,0.7,1.438,0.0
2005-05-04,0.4867,1.2583,0.0
2005-05-11,0.46,1.262,0.0
2005-05-18,0.518,1.26,0.0
2005-05-25,0.51,1.186,0.0
2005-06-01,0.49,1.074,0.0
2005-06-08,0.378,0.988,0.0
2005-06-15,0.288,0.998,0.0
2005-06-22,0.346,0.954,0.0
2005-06-29,0.372,0.892,0.0
2005-07-06,0.418,1.0,0.0
2005-07-13,0.342,0.958,0.0
2005-07-20,0.27,0.852,0.0
2005-07-27,0.206,0.76,0.0
2005-08-03,0.206,0.776,0.0
2005-08-10,0.146,0.74,0.0
2005-08-17,0.216,0.736,0.0
2005-08-24,0.242,0.724,0.0
2005-08-31,0.368,0.728,0.0
2005-09-07,0.366,0.712,0.0
2005-09-14,0.286,0.73,0.0
2005-09-21,0.228,0.69,0.0
2005-09-28,0.09,0.688,0.0
2005-10-05,0.26,0.8583,0.0
2005-10-12,0.23,0.742,0.0
2005-10-19,0.2,0.602,0.0
2005-10-26,0.114,0.548,0.0
2005-11-02,0.086,0.564,0.0
2005-11-09,0.086,0.57,0.0
2005-11-16,0.108,0.53,0.0
2005-11-23,0.188,0.584,0.0
2005-11-30,0.106,0.538,0.0
2005-12-07,0.048,0.472,0.0
2005-12-14,0.072,0.558,0.0
2005-12-21,0.07,0.498,0.0
2005-12-28,0.094,0.468,0.0
2006-01-04,0.0617,0.265,0.0
2006-01-11,0.032,0.126,0.0
2006-01-18,0.072,0.068,0.0
2006-01-25,-0.016,0.0,0.0
2006-02-01,-0.056,0.034,0.0
2006-02-08,-0.074,0.066,0.0
2006-02-15,-0.116,0.022,0.0
2006-02-22,-0.132,-0.002,0.0
2006-03-01,-0.064,0.044,0.0
2006-03-08,-0.024,0.12,0.0
2006-03-15,0.048,0.102,0.0
2006-03-22,0.0,0.048,0.0
2006-03-29,-0.082,0.09,0.0
2006-04-05,0.1467,0.32,0.0
2006-04-12,0.07,0.292,0.0
2006-04-19,0.11,0.26,0.0
2006-04-26,0.068,0.214,0.0
2006-05-03,0.168,0.294,0.0
2006-05-10,0.12,0.25,0.0
2006-05-17,0.146,0.276,0.0
2006-05-24,0.152,0.28,0.0
2006-05-31,0.12,0.274,0.0
2006-06-07,0.106,0.246,0.0
2006-06-14,0.02,0.22,0.0
2006-06-21,-0.106,0.176,0.0
2006-06-28,-0.124,0.088,0.0
2006-07-05,-0.0983,0.0567,0.0
2006-07-12,-0.052,0.034,0.0
2006-07-19,-0.024,-0.016,0.0
2006-07-26,0.026,-0.012,0.0
2006-08-02,-0.038,-0.182,0.0
2006-08-09,-0.054,-0.202,0.0
2006-08-16,-0.036,-0.216,0.0
2006-08-23,0.014,-0.22,0.0
2006-08-30,0.02,-0.21,0.0
2006-09-06,-0.082,-0.258,0.0
2006-09-13,-0.11,-0.21,0.0
2006-09-20,-0.052,-0.212,0.0
2006-09-27,0.048,-0.16,0.0
2006-10-04,0.0583,-0.185,0.0
2006-10-11,-0.096,-0.286,0.0
2006-10-18,-0.12,-0.362,0.0
2006-10-25,-0.122,-0.39,0.0
2006-11-01,-0.076,-0.43,0.0
2006-11-08,-0.164,-0.492,0.0
2006-11-15,-0.182,-0.49,0.0
2006-11-22,-0.144,-0.458,0.0
2006-11-29,-0.05,-0.446,0.0
2006-12-06,-0.018,-0.428,0.0
2006-12-13,-0.128,-0.374,0.0
2006-12-20,-0.14,-0.408,0.6
2006-12-27,-0.206,-0.434,1.0
2007-01-03,-0.01,-0.286,1.0
2007-01-10,-0.064,-0.33,1.0
2007-01-17,-0.134,-0.356,1.0
2007-01-24,-0.19,-0.374,1.0
2007-01-31,-0.218,-0.388,1.0
2007-02-07,-0.176,-0.43,1.0
2007-02-14,-0.164,-0.45,1.0
2007-02-21,-0.11,-0.462,1.0
2007-02-28,0.016,-0.496,1.0
2007-03-07,-0.014,-0.552,1.0
2007-03-14,-0.006,-0.506,1.0
2007-03-21,-0.02,-0.502,1.0
2007-03-28,-0.006,-0.498,1.0
2007-04-04,0.0567,-0.3583,1.0
2007-04-11,-0.042,-0.338,1.0
2007-04-18,0.022,-0.31,1.0
2007-04-25,0.056,-0.278,1.0
2007-05-02,0.084,-0.166,1.0
2007-05-09,0.05,-0.132,1.0
2007-05-16,-0.012,-0.066,1.0
2007-05-23,-0.088,-0.152,1.0
2007-05-30,-0.082,-0.01,1.0
2007-06-06,0.106,0.298,1.0
2007-06-13,0.036,0.436,1.0
2007-06-20,0.136,0.41,1.0
2007-06-27,0.198,0.298,1.0
2007-07-04,0.085,0.0717,1.0
2007-07-11,0.082,0.038,1.0
2007-07-18,0.14,0.03,1.0
2007-07-25,0.314,0.04,1.0
2007-08-01,0.25,-0.108,1.0
2007-08-08,0.146,-0.16,1.0
2007-08-15,0.394,0.442,1.0
2007-08-22,0.508,0.968,1.0
2007-08-29,0.514,0.498,1.0
2007-09-05,0.4467,0.3183,1.0
2007-09-12,0.54,0.482,1.0
2007-09-19,0.472,0.596,1.0
2007-09-26,0.532,0.742,1.0
2007-10-03,0.51,0.57,1.0
2007-10-10,0.382,0.442,1.0
2007-10-17,0.516,0.494,1.0
2007-10-24,0.748,0.584,1.0
2007-10-31,0.582,0.512,1.0
2007-11-07,0.572,0.628,1.0
2007-11-14,0.708,0.774,1.0
2007-11-21,1.076,0.938,1.0
2007-11-28,1.102,1.054,1.0
2007-12-05,1.1183,1.0067,1.0
2007-12-12,0.96,1.176,1.0
2007-12-19,0.934,1.112,1.0
2007-12-26,0.87,0.834,1.0
2008-01-02,0.902,0.528,1.0
2008-01-09,1.038,0.526,1.0
2008-01-16,1.256,0.654,1.0
2008-01-23,1.538,1.322,1.0
2008-01-30,1.53,1.562,1.0
2008-02-06,1.762,1.548,1.0
2008-02-13,1.816,1.456,1.0
2008-02-20,1.726,1.512,1.0
2008-02-27,1.8,1.726,1.0
2008-03-05,1.905,1.9133,1.0
2008-03-12,1.922,2.142,1.0
2008-03-19,1.98,2.73,1.0
2008-03-26,1.762,2.22,1.0
2008-04-02,1.838,2.258,1.0
2008-04-09,1.842,2.354,1.0
2008-04-16,1.696,2.504,1.0
2008-04-23,1.378,2.386,1.0
2008-04-30,1.392,2.306,1.0
2008-05-07,1.558,2.244,1.0
2008-05-14,1.436,2.062,1.0
2008-05-21,1.442,2.028,1.0
2008-05-28,1.288,1.994,1.0
2008-06-04,1.5983,2.245,1.0
2008-06-11,1.19,2.128,1.0
2008-06-18,1.156,2.146,1.0
2008-06-25,1.3,2.314,1.0
2008-07-02,1.44,2.174,1.0
2008-07-09,1.534,2.242,1.0
2008-07-16,1.502,2.572,1.0
2008-07-23,1.306,2.406,1.0
2008-07-30,1.404,2.288,1.0
2008-08-06,1.376,2.19,1.0
2008-08-13,1.418,2.026,1.0
2008-08-20,1.556,2.14,1.0
2008-08-27,1.546,2.174,1.0
2008-09-03,1.428,1.988,1.0
2008-09-10,1.458,2.066,1.0
2008-09-17,1.84,3.068,1.0
2008-09-24,1.582,2.85,1.0
2008-10-01,2.014,2.992,1.0
2008-10-08,2.246,3.232,1.0
2008-10-15,2.144,3.39,1.0
2008-10-22,2.224,2.758,1.0
2008-10-29,2.216,3.19,1.0
2008-11-05,2.135,3.12,1.0
2008-11-12,2.292,3.304,1.0
2008-11-19,2.42,3.458,1.0
2008-11-26,2.402,3.462,1.0
2008-12-03,1.536,2.382,1.0
2008-12-10,1.572,2.402,1.0
2008-12-17,1.71,2.392,1.0
2008-12-24,1.528,2.408,1.0
2008-12-31,1.674,2.368,1.0
2009-01-07,1.724,2.41,1.0
2009-01-14,1.782,2.404,1.0
2009-01-21,1.756,2.406,1.0
2009-01-28,1.62,2.334,1.0
2009-02-04,1.9133,2.5867,1.0
2009-02-11,1.918,2.568,1.0
2009-02-18,1.914,2.572,1.0
2009-02-25,1.838,2.582,1.0
2009-03-04,1.89,2.5733,1.0
2009-03-11,1.818,2.596,1.0
2009-03-18,1.894,2.598,1.0
2009-03-25,1.896,2.638,1.0
2009-04-01,2.022,2.678,1.0
2009-04-08,1.99,2.742,1.0
2009-04-15,2.028,2.776,1.0
2009-04-22,1.96,2.804,1.0
2009-04-29,2.078,2.868,1.0
2009-05-06,2.314,3.102,1.0
2009-05-13,2.398,3.114,1.0
2009-05-20,2.386,3.106,1.0
2009-05-27,2.344,3.126,1.0
2009-06-03,2.696,3.57,1.0
2009-06-10,2.364,3.532,1.0
2009-06-17,2.478,3.544,1.0
2009-06-24,2.576,3.526,1.0
2009-07-01,2.578,3.444,0.4
2009-07-08,2.62,3.374,0.0
2009-07-15,2.572,3.38,0.0
2009-07-22,2.548,3.372,0.0
2009-07-29,2.422,3.374,0.0
2009-08-05,2.3767,3.4083,0.0
2009-08-12,2.426,3.412,0.0
2009-08-19,2.536,3.416,0.0
2009-08-26,2.548,3.432,0.0
2009-09-02,2.512,3.294,0.0
2009-09-09,2.48,3.26,0.0
2009-09-16,2.416,3.29,0.0
2009-09-23,2.418,3.294,0.0
2009-09-30,2.46,3.28,0.0
2009-10-07,2.482,3.314,0.0
2009-10-14,2.432,3.32,0.0
2009-10-21,2.4,3.318,0.0
2009-10-28,2.414,3.322,0.0
2009-11-04,2.4983,3.3467,0.0
2009-11-11,2.558,3.332,0.0
2009-11-18,2.638,3.358,0.0
2009-11-25,2.672,3.354,0.0
2009-12-02,2.824,3.494,0.0
2009-12-09,2.814,3.56,0.0
2009-12-16,2.752,3.546,0.0
2009-12-23,2.63,3.524,0.0
2009-12-30,2.51,3.542,0.0
2010-01-06,2.71,3.668,0.0
2010-01-13,2.796,3.678,0.0
2010-01-20,2.84,3.672,0.0
2010-01-27,2.866,3.656,0.0
2010-02-03,2.856,3.592,0.0
2010-02-10,2.832,3.578,0.0
2010-02-17,2.814,3.588,0.0
2010-02-24,2.834,3.568,0.0
2010-03-03,2.892,3.59,0.0
2010-03-10,2.8,3.574,0.0
2010-03-17,2.762,3.57,0.0
2010-03-24,2.68,3.588,0.0
2010-03-31,2.722,3.62,0.0
2010-04-07,2.74,3.68,0.0
2010-04-14,2.804,3.69,0.0
2010-04-21,2.798,3.692,0.0
2010-04-28,2.824,3.688,0.0
2010-05-05,2.5217,3.2733,0.0
2010-05-12,2.566,3.26,0.0
2010-05-19,2.642,3.252,0.0
2010-05-26,2.614,3.252,0.0
2010-06-02,2.464,3.092,0.0
2010-06-09,2.448,3.096,0.0
2010-06-16,2.446,3.108,0.0
2010-06-23,2.514,3.072,0.0
2010-06-30,2.504,2.956,0.0
2010-07-07,2.382,2.848,0.0
2010-07-14,2.378,2.858,0.0
2010-07-21,2.41,2.848,0.0
2010-07-28,2.406,2.858,0.0
2010-08-04,2.1617,2.545,0.0
2010-08-11,2.162,2.548,0.0
2010-08-18,2.196,2.54,0.0
2010-08-25,2.182,2.542,0.0
2010-09-01,2.172,2.532,0.0
2010-09-08,2.114,2.51,0.0
2010-09-15,2.152,2.496,0.0
2010-09-22,2.202,2.488,0.0
2010-09-29,2.21,2.468,0.0
2010-10-06,2.158,2.414,0.0
2010-10-13,2.172,2.408,0.0
2010-10-20,2.176,2.402,0.0
2010-10-27,2.164,2.406,0.0
2010-11-03,2.414,2.63,0.0
2010-11-10,2.308,2.63,0.0
2010-11-17,2.244,2.616,0.0
2010-11-24,2.258,2.604,0.0
2010-12-01,2.57,2.916,0.0
2010-12-08,2.716,3.148,0.0
2010-12-15,2.646,3.154,0.0
2010-12-22,2.642,3.15,0.0
2010-12-29,2.616,3.152,0.0
2011-01-05,2.75,3.25,0.0
2011-01-12,2.794,3.24,0.0
2011-01-19,2.776,3.232,0.0
2011-01-26,2.786,3.234,0.0
2011-02-02,2.874,3.392,0.0
2011-02-09,2.75,3.442,0.0
2011-02-16,2.75,3.466,0.0
2011-02-23,2.838,3.46,0.0
2011-03-02,2.742,3.31,0.0
2011-03-09,2.726,3.314,0.0
2011-03-16,2.804,3.322,0.0
2011-03-23,2.7,3.316,0.0
2011-03-30,2.616,3.326,0.0
2011-04-06,2.64,3.406,0.0
2011-04-13,2.69,3.4,0.0
2011-04-20,2.776,3.398,0.0
2011-04-27,2.82,3.404,0.0
2011-05-04,2.5733,3.1383,0.0
2011-05-11,2.598,3.142,0.0
2011-05-18,2.616,3.124,0.0
2011-05-25,2.648,3.114,0.0
2011-06-01,2.62,3.02,0.0
2011-06-08,2.59,2.952,0.0
2011-06-15,2.602,2.952,0.0
2011-06-22,2.626,2.978,0.0
2011-06-29,2.538,2.976,0.0
2011-07-06,2.548,2.978,0.0
2011-07-13,2.628,2.98,0.0
2011-07-20,2.608,2.966,0.0
2011-07-27,2.59,2.926,0.0
2011-08-03,1.982,2.258,0.0
2011-08-10,2.092,2.27,0.0
2011-08-17,2.104,2.282,0.0
2011-08-24,2.082,2.288,0.0
2011-08-31,1.974,2.154,0.0
2011-09-07,1.784,1.962,0.0
2011-09-14,1.78,1.97,0.0
2011-09-21,1.784,1.972,0.0
2011-09-28,1.722,1.962,0.0
2011-10-05,1.8867,2.1383,0.0
2011-10-12,1.854,2.132,0.0
2011-10-19,1.866,2.118,0.0
2011-10-26,1.864,2.134,0.0
2011-11-02,1.804,2.028,0.0
2011-11-09,1.766,2.0,0.0
2011-11-16,1.746,1.998,0.0
2011-11-23,1.744,1.99,0.0
2011-11-30,1.738,1.98,0.0
2011-12-07,1.74,1.968,0.0
2011-12-14,1.734,1.974,0.0
2011-12-21,1.712,1.97,0.0
2011-12-28,1.702,1.964,0.0
2012-01-04,1.7133,1.95,0.0
2012-01-11,1.73,1.948,0.0
2012-01-18,1.728,1.932,0.0
2012-01-25,1.738,1.924,0.0
2012-02-01,1.744,1.904,0.0
2012-02-08,1.71,1.884,0.0
2012-02-15,1.68,1.864,0.0
2012-02-22,1.668,1.88,0.0
2012-02-29,1.754,1.96,0.0
2012-03-07,1.858,2.088,0.0
2012-03-14,1.806,2.084,0.0
2012-03-21,1.784,2.08,0.0
2012-03-28,1.832,2.088,0.0
2012-04-04,1.71,1.9733,0.0
2012-04-11,1.758,1.96,0.0
2012-04-18,1.776,1.974,0.0
2012-04-25,1.786,1.962,0.0
2012-05-02,1.578,1.764,0.0
2012-05-09,1.53,1.704,0.0
2012-05-16,1.496,1.706,0.0
2012-05-23,1.506,1.708,0.0
2012-05-30,1.486,1.686,0.0
2012-06-06,1.358,1.534,0.0
2012-06-13,1.328,1.522,0.0
2012-06-20,1.312,1.528,0.0
2012-06-27,1.306,1.526,0.0
2012-07-04,1.2333,1.4417,0.0
2012-07-11,1.268,1.434,0.0
2012-07-18,1.3,1.436,0.0
2012-07-25,1.302,1.426,0.0
2012-08-01,1.384,1.52,0.0
2012-08-08,1.408,1.574,0.0
2012-08-15,1.402,1.582,0.0
2012-08-22,1.4,1.572,0.0
2012-08-29,1.418,1.576,0.0
2012-09-05,1.48,1.6183,0.0
2012-09-12,1.468,1.618,0.0
2012-09-19,1.458,1.612,0.0
2012-09-26,1.464,1.616,0.0
2012-10-03,1.508,1.654,0.0
2012-10-10,1.482,1.646,0.0
2012-10-17,1.464,1.648,0.0
2012-10-24,1.448,1.64,0.0
2012-10-31,1.414,1.596,0.0
2012-11-07,1.372,1.55,0.0
2012-11-14,1.396,1.562,0.0
2012-11-21,1.38,1.556,0.0
2012-11-28,1.388,1.556,0.0
2012-12-05,1.47,1.625,0.0
2012-12-12,1.472,1.652,0.0
2012-12-19,1.45,1.664,0.0
2012-12-26,1.458,1.66,0.0
2013-01-02,1.61,1.806,0.0
2013-01-09,1.654,1.844,0.0
2013-01-16,1.646,1.83,0.0
2013-01-23,1.652,1.83,0.0
2013-01-30,1.644,1.856,0.0
2013-02-06,1.722,1.91,0.0
2013-02-13,1.698,1.882,0.0
2013-02-20,1.704,1.86,0.0
2013-02-27,1.722,1.858,0.0
2013-03-06,1.708,1.862,0.0
2013-03-13,1.694,1.864,0.0
2013-03-20,1.702,1.89,0.0
2013-03-27,1.712,1.884,0.0
2013-04-03,1.524,1.69,0.0
2013-04-10,1.524,1.694,0.0
2013-04-17,1.524,1.704,0.0
2013-04-24,1.53,1.708,0.0
2013-05-01,1.654,1.81,0.0
2013-05-08,1.702,1.89,0.0
2013-05-15,1.68,1.888,0.0
2013-05-22,1.67,1.886,0.0
2013-05-29,1.638,1.886,0.0
2013-06-05,1.9933,2.255,0.0
2013-06-12,1.978,2.25,0.0
2013-06-19,1.988,2.25,0.0
2013-06-26,1.908,2.244,0.0
2013-07-03,2.22,2.538,0.0
2013-07-10,2.214,2.538,0.0
2013-07-17,2.252,2.548,0.0
2013-07-24,2.256,2.552,0.0
2013-07-31,2.32,2.606,0.0
2013-08-07,2.424,2.692,0.0
2013-08-14,2.396,2.686,0.0
2013-08-21,2.356,2.7,0.0
2013-08-28,2.346,2.706,0.0
2013-09-04,2.3683,2.7867,0.0
2013-09-11,2.346,2.794,0.0
2013-09-18,2.446,2.798,0.0
2013-09-25,2.462,2.794,0.0
2013-10-02,2.332,2.634,0.0
2013-10-09,2.252,2.568,0.0
2013-10-16,2.276,2.538,0.0
2013-10-23,2.3,2.582,0.0
2013-10-30,2.32,2.6,0.0
2013-11-06,2.41,2.668,0.0
2013-11-13,2.404,2.644,0.0
2013-11-20,2.424,2.642,0.0
2013-11-27,2.434,2.65,0.0
2013-12-04,2.6067,2.8417,0.0
2013-12-11,2.582,2.83,0.0
2013-12-18,2.556,2.832,0.0
2013-12-25,2.508,2.83,0.0
2014-01-01,2.486,2.806,0.0
2014-01-08,2.448,2.814,0.0
2014-01-15,2.46,2.82,0.0
2014-01-22,2.46,2.818,0.0
2014-01-29,2.498,2.824,0.0
2014-02-05,2.3933,2.6517,0.0
2014-02-12,2.378,2.666,0.0
2014-02-19,2.384,2.664,0.0
2014-02-26,2.374,2.662,0.0
2014-03-05,2.3767,2.6667,0.0
2014-03-12,2.358,2.67,0.0
2014-03-19,2.298,2.662,0.0
2014-03-26,2.262,2.672,0.0
2014-04-02,2.264,2.68,0.0
2014-04-09,2.326,2.674,0.0
2014-04-16,2.308,2.674,0.0
2014-04-23,2.278,2.684,0.0
2014-04-30,2.224,2.624,0.0
2014-05-07,2.146,2.53,0.0
2014-05-14,2.17,2.53,0.0
2014-05-21,2.196,2.526,0.0
2014-05-28,2.186,2.52,0.0
2014-06-04,2.2017,2.56,0.0
2014-06-11,2.162,2.56,0.0
2014-06-18,2.108,2.57,0.0
2014-06-25,2.128,2.568,0.0
2014-07-02,2.058,2.532,0.0
2014-07-09,2.044,2.512,0.0
2014-07-16,2.05,2.518,0.0
2014-07-23,2.028,2.51,0.0
2014-07-30,1.988,2.484,0.0
2014-08-06,1.958,2.388,0.0
2014-08-13,1.982,2.384,0.0
2014-08-20,1.938,2.39,0.0
2014-08-27,1.912,2.386,0.0
2014-09-03,2.012,2.5,0.0
2014-09-10,1.962,2.51,0.0
2014-09-17,1.95,2.51,0.0
2014-09-24,1.952,2.518,0.0
2014-10-01,1.834,2.376,0.0
2014-10-08,1.814,2.286,0.0
2014-10-15,1.916,2.28,0.0
2014-10-22,1.904,2.284,0.0
2014-10-29,1.842,2.282,0.0
2014-11-05,1.8117,2.305,0.0
2014-11-12,1.786,2.31,0.0
2014-11-19,1.796,2.312,0.0
2014-11-26,1.816,2.31,0.0
2014-12-03,1.648,2.188,0.0
2014-12-10,1.6,2.18,0.0
2014-12-17,1.582,2.174,0.0
2014-12-24,1.484,2.188,0.0
2014-12-31,1.396,2.046,0.0
2015-01-07,1.248,1.852,0.0
2015-01-14,1.372,1.848,0.0
2015-01-21,1.36,1.852,0.0
2015-01-28,1.368,1.856,0.0
2015-02-04,1.4517,1.9617,0.0
2015-02-11,1.328,1.968,0.0
2015-02-18,1.316,1.962,0.0
2015-02-25,1.352,1.958,0.0
2015-03-04,1.3717,2.0233,0.0
2015-03-11,1.35,2.014,0.0
2015-03-18,1.408,2.006,0.0
2015-03-25,1.448,2.008,0.0
2015-04-01,1.434,1.952,0.0
2015-04-08,1.4,1.914,0.0
2015-04-15,1.422,1.92,0.0
2015-04-22,1.388,1.91,0.0
2015-04-29,1.424,1.978,0.0
2015-05-06,1.582,2.186,0.0
2015-05-13,1.614,2.18,0.0
2015-05-20,1.59,2.18,0.0
2015-05-27,1.57,2.186,0.0
2015-06-03,1.688,2.34,0.0
2015-06-10,1.632,2.342,0.0
2015-06-17,1.678,2.348,0.0
2015-06-24,1.668,2.35,0.0
2015-07-01,1.686,2.324,0.0
2015-07-08,1.724,2.3,0.0
2015-07-15,1.652,2.3,0.0
2015-07-22,1.604,2.284,0.0
2015-07-29,1.628,2.258,0.0
2015-08-05,1.46,2.1,0.0
2015-08-12,1.464,2.068,0.0
2015-08-19,1.478,2.116,0.0
2015-08-26,1.504,2.108,0.0
2015-09-02,1.454,2.134,0.0
2015-09-09,1.438,2.136,0.0
2015-09-16,1.418,2.128,0.0
2015-09-23,1.474,2.164,0.0
2015-09-30,1.496,2.126,0.0
2015-10-07,1.436,2.066,0.0
2015-10-14,1.454,2.062,0.0
2015-10-21,1.434,2.058,0.0
2015-10-28,1.362,2.022,0.0
2015-11-04,1.4417,2.1933,0.0
2015-11-11,1.384,2.124,0.0
2015-11-18,1.364,2.132,0.0
2015-11-25,1.33,2.088,0.0
2015-12-02,1.302,2.028,0.0
2015-12-09,1.312,1.982,0.0
2015-12-16,1.252,2.0,0.0
2015-12-23,1.236,2.03,0.0
2015-12-30,1.142,2.012,0.0
2016-01-06,1.1,1.884,0.0
2016-01-13,1.184,1.864,0.0
2016-01-20,1.23,1.82,0.0
2016-01-27,1.258,1.766,0.0
2016-02-03,1.036,1.458,0.0
2016-02-10,1.098,1.478,0.0
2016-02-17,1.048,1.478,0.0
2016-02-24,1.018,1.454,0.0
2016-03-02,1.026,1.55,0.0
2016-03-09,0.972,1.578,0.0
2016-03-16,0.984,1.574,0.0
2016-03-23,1.004,1.588,0.0
2016-03-30,1.09,1.642,0.0
2016-04-06,1.09,1.58,0.0
2016-04-13,1.07,1.586,0.0
2016-04-20,1.014,1.586,0.0
2016-04-27,0.992,1.576,0.0
2016-05-04,1.055,1.605,0.0
2016-05-11,1.07,1.55,0.0
2016-05-18,0.952,1.51,0.0
2016-05-25,0.906,1.478,0.0
2016-06-01,0.838,1.398,0.0
2016-06-08,0.868,1.376,0.0
2016-06-15,0.928,1.372,0.0
2016-06-22,0.906,1.36,0.0
2016-06-29,1.01,1.346,0.0
2016-07-06,0.916,1.22,0.0
2016-07-13,0.816,1.19,0.0
2016-07-20,0.796,1.18,0.0
2016-07-27,0.782,1.206,0.0
2016-08-03,0.886,1.28,0.0
2016-08-10,0.838,1.27,0.0
2016-08-17,0.822,1.264,0.0
2016-08-24,0.784,1.246,0.0
2016-08-31,0.79,1.258,0.0
2016-09-07,0.86,1.292,0.0
2016-09-14,0.856,1.3,0.0
2016-09-21,0.844,1.394,0.0
2016-09-28,0.878,1.364,0.0
2016-10-05,0.9383,1.44,0.0
2016-10-12,0.908,1.426,0.0
2016-10-19,0.936,1.416,0.0
2016-10-26,0.902,1.44,0.0
2016-11-02,1.242,1.7,0.0
2016-11-09,1.254,1.69,0.0
2016-11-16,1.114,1.658,0.0
2016-11-23,1.038,1.648,0.0
2016-11-30,1.168,1.798,0.0
2016-12-07,1.366,1.98,0.0
2016-12-14,1.258,1.966,0.0
2016-12-21,1.262,1.972,0.0
2016-12-28,1.254,1.982,0.0
2017-01-04,1.2217,1.9083,0.0
2017-01-11,1.232,1.912,0.0
2017-01-18,1.218,1.904,0.0
2017-01-25,1.224,1.92,0.0
2017-02-01,1.214,1.91,0.0
2017-02-08,1.246,1.882,0.0
2017-02-15,1.19,1.888,0.0
2017-02-22,1.23,1.898,0.0
2017-03-01,1.186,1.848,0.0
2017-03-08,1.136,1.738,0.0
2017-03-15,1.118,1.728,0.0
2017-03-22,1.208,1.712,0.0
2017-03-29,1.204,1.704,0.0
2017-04-05,1.045,1.5083,0.0
2017-04-12,1.062,1.486,0.0
2017-04-19,1.102,1.492,0.0
2017-04-26,1.03,1.486,0.0
2017-05-03,1.002,1.448,0.0
2017-05-10,0.962,1.402,0.0
2017-05-17,1.018,1.39,0.0
2017-05-24,1.002,1.368,0.0
2017-05-31,0.972,1.294,0.0
2017-06-07,0.866,1.2,0.0
2017-06-14,0.84,1.182,0.0
2017-06-21,0.838,1.2,0.0
2017-06-28,0.822,1.174,0.0
2017-07-05,0.9183,1.2717,0.0
2017-07-12,0.952,1.274,0.0
2017-07-19,0.956,1.208,0.0
2017-07-26,0.954,1.186,0.0
2017-08-02,0.884,1.154,0.0
2017-08-09,0.874,1.166,0.0
2017-08-16,0.878,1.19,0.0
2017-08-23,0.88,1.2,0.0
2017-08-30,0.874,1.194,0.0
2017-09-06,0.902,1.158,0.0
2017-09-13,0.848,1.156,0.0
2017-09-20,0.768,1.16,0.0
2017-09-27,0.744,1.14,0.0
2017-10-04,0.8717,1.3,0.0
2017-10-11,0.844,1.274,0.0
2017-10-18,0.79,1.262,0.0
2017-10-25,0.758,1.252,0.0
2017-11-01,0.748,1.194,0.0
2017-11-08,0.712,1.128,0.0
2017-11-15,0.648,1.088,0.0
2017-11-22,0.596,1.056,0.0
2017-11-29,0.594,1.08,0.0
2017-12-06,0.598,1.108,0.0
2017-12-13,0.58,1.08,0.0
2017-12-20,0.524,1.038,0.0
2017-12-27,0.496,0.996,0.0
2018-01-03,0.646,1.172,0.0
2018-01-10,0.602,1.146,0.0
2018-01-17,0.544,1.138,0.0
2018-01-24,0.494,1.152,0.0
2018-01-31,0.554,1.232,0.0
2018-02-07,0.758,1.324,0.0
2018-02-14,0.708,1.262,0.0
2018-02-21,0.616,1.222,0.0
2018-02-28,0.61,1.202,0.0
2018-03-07,0.588,1.16,0.0
2018-03-14,0.562,1.09,0.0
2018-03-21,0.534,1.078,0.0
2018-03-28,0.558,1.09,0.0
2018-04-04,0.595,1.135,0.0
2018-04-11,0.542,1.122,0.0
2018-04-18,0.446,1.064,0.0
2018-04-25,0.382,1.024,0.0
2018-05-02,0.462,1.11,0.0
2018-05-09,0.456,1.094,0.0
2018-05-16,0.414,1.06,0.0
2018-05-23,0.444,1.062,0.0
2018-05-30,0.548,1.042,0.0
2018-06-06,0.404,0.97,0.0
2018-06-13,0.352,0.974,0.0
2018-06-20,0.354,0.972,0.0
2018-06-27,0.384,0.98,0.0
2018-07-04,0.3517,0.9233,0.0
2018-07-11,0.304,0.91,0.0
2018-07-18,0.288,0.886,0.0
2018-07-25,0.232,0.888,0.0
2018-08-01,0.232,0.864,0.0
2018-08-08,0.24,0.834,0.0
2018-08-15,0.272,0.824,0.0
2018-08-22,0.28,0.81,0.0
2018-08-29,0.236,0.77,0.0
2018-09-05,0.3483,0.8733,0.0
2018-09-12,0.246,0.848,0.0
2018-09-19,0.196,0.832,0.0
2018-09-26,0.174,0.8,0.0
2018-10-03,0.302,0.922,0.0
2018-10-10,0.282,0.89,0.0
2018-10-17,0.27,0.84,0.0
2018-10-24,0.286,0.814,0.0
2018-10-31,0.284,0.806,0.0
2018-11-07,0.176,0.762,0.0
2018-11-14,0.248,0.75,0.0
2018-11-21,0.318,0.72,0.0
2018-11-28,0.302,0.728,0.0
2018-12-05,0.0467,0.43,0.0
2018-12-12,0.08,0.41,0.0
2018-12-19,0.174,0.436,0.0
2018-12-26,0.272,0.4,0.0
2019-01-02,0.264,0.304,0.0
2019-01-09,0.154,0.266,0.0
2019-01-16,0.152,0.278,0.0
2019-01-23,0.122,0.308,0.0
2019-01-30,0.174,0.29,0.0
2019-02-06,0.178,0.258,0.0
2019-02-13,0.174,0.244,0.0
2019-02-20,0.174,0.232,0.6
2019-02-27,0.146,0.206,1.0
2019-03-06,0.062,0.11,1.0
2019-03-13,0.118,0.116,1.0
2019-03-20,0.164,0.104,1.0
2019-03-27,0.326,0.132,1.0
2019-04-03,0.202,0.096,1.0
2019-04-10,0.176,0.1,1.0
2019-04-17,0.136,0.102,1.0
2019-04-24,0.196,0.094,1.0
2019-05-01,0.14,0.012,1.0
2019-05-08,0.118,-0.032,1.0
2019-05-15,0.212,-0.006,1.0
2019-05-22,0.204,0.024,1.0
2019-05-29,0.324,0.036,1.0
2019-06-05,0.2017,-0.265,1.0
2019-06-12,0.194,-0.168,1.0
2019-06-19,0.28,-0.106,1.0
2019-06-26,0.332,-0.062,1.0
2019-07-03,0.268,-0.152,1.0
2019-07-10,0.198,-0.146,1.0
2019-07-17,0.24,-0.052,1.0
2019-07-24,0.224,-0.034,1.0
2019-07-31,0.08,-0.194,1.0
2019-08-07,0.024,-0.398,1.0
2019-08-14,0.074,-0.318,1.0
2019-08-21,0.088,-0.334,1.0
2019-08-28,0.11,-0.362,1.0
2019-09-04,0.2033,-0.2767,1.0
2019-09-11,0.012,-0.256,1.0
2019-09-18,-0.032,-0.254,1.0
2019-09-25,0.05,-0.176,1.0
2019-10-02,0.216,-0.072,1.0
2019-10-09,0.208,0.006,1.0
2019-10-16,0.11,0.044,1.0
2019-10-23,0.108,0.05,1.0
2019-10-30,0.136,0.138,1.0
2019-11-06,0.17,0.258,1.0
2019-11-13,0.178,0.24,1.0
2019-11-20,0.216,0.236,1.0
2019-11-27,0.198,0.202,1.0
2019-12-04,0.2733,0.2967,1.0
2019-12-11,0.228,0.3,1.0
2019-12-18,0.228,0.292,1.0
2019-12-25,0.238,0.28,1.0
2020-01-01,0.23,0.254,1.0
2020-01-08,0.2,0.216,1.0
2020-01-15,0.184,0.196,1.0
2020-01-22,0.232,0.208,1.0
2020-01-29,0.35,0.2,1.0
2020-02-05,0.1017,-0.065,1.0
2020-02-12,0.084,-0.08,1.0
2020-02-19,0.104,-0.076,1.0
2020-02-26,0.382,0.038,1.0
2020-03-04,0.1767,0.0133,1.0
2020-03-11,0.396,0.51,1.0
2020-03-18,0.434,0.762,1.0
2020-03-25,0.56,0.858,1.0
2020-04-01,0.514,0.642,1.0
2020-04-08,0.404,0.458,1.0
2020-04-15,0.444,0.488,1.0
2020-04-22,0.448,0.544,1.0
2020-04-29,0.454,0.554,0.8
2020-05-06,0.502,0.548,0.0
2020-05-13,0.506,0.546,0.0
2020-05-20,0.5,0.546,0.0
2020-05-27,0.496,0.53,0.0
2020-06-03,0.548,0.58,0.0
2020-06-10,0.536,0.558,0.0
2020-06-17,0.536,0.564,0.0
2020-06-24,0.55,0.576,0.0
2020-07-01,0.502,0.52,0.0
2020-07-08,0.46,0.478,0.0
2020-07-15,0.468,0.486,0.0
2020-07-22,0.472,0.496,0.0
2020-07-29,0.494,0.518,0.0
2020-08-05,0.5367,0.5533,0.0
2020-08-12,0.498,0.544,0.0
2020-08-19,0.508,0.548,0.0
2020-08-26,0.5,0.54,0.0
2020-09-02,0.538,0.56,0.0
2020-09-09,0.542,0.562,0.0
2020-09-16,0.542,0.574,0.0
2020-09-23,0.546,0.578,0.0
2020-09-30,0.594,0.628,0.0
2020-10-07,0.644,0.692,0.0
2020-10-14,0.642,0.68,0.0
2020-10-21,0.634,0.69,0.0
2020-10-28,0.634,0.692,0.0
2020-11-04,0.7183,0.7733,0.0
2020-11-11,0.692,0.77,0.0
2020-11-18,0.696,0.788,0.0
2020-11-25,0.706,0.782,0.0
2020-12-02,0.756,0.832,0.0
2020-12-09,0.792,0.848,0.0
2020-12-16,0.804,0.846,0.0
2020-12-23,0.8,0.84,0.0
2020-12-30,0.834,0.866,0.0
2021-01-06,0.948,0.992,0.0
2021-01-13,0.938,0.992,0.0
2021-01-20,0.948,0.994,0.0
2021-01-27,0.962,1.006,0.0
2021-02-03,1.154,1.21,0.0
2021-02-10,1.15,1.214,0.0
2021-02-17,1.146,1.222,0.0
2021-02-24,1.13,1.224,0.0
2021-03-03,1.474,1.566,0.0
2021-03-10,1.454,1.566,0.0
2021-03-17,1.462,1.59,0.0
2021-03-24,1.466,1.59,0.0
2021-03-31,1.458,1.598,0.0
2021-04-07,1.482,1.62,0.0
2021-04-14,1.476,1.618,0.0
2021-04-21,1.484,1.612,0.0
2021-04-28,1.472,1.626,0.0
2021-05-05,1.4633,1.5983,0.0
2021-05-12,1.46,1.604,0.0
2021-05-19,1.46,1.606,0.0
2021-05-26,1.476,1.602,0.0
2021-06-02,1.394,1.522,0.0
2021-06-09,1.368,1.494,0.0
2021-06-16,1.316,1.482,0.0
2021-06-23,1.256,1.47,0.0
2021-06-30,1.188,1.392,0.0
2021-07-07,1.1,1.266,0.0
2021-07-14,1.08,1.268,0.0
2021-07-21,1.11,1.27,0.0
2021-07-28,1.118,1.266,0.0
2021-08-04,1.0933,1.2267,0.0
2021-08-11,1.048,1.224,0.0
2021-08-18,1.056,1.218,0.0
2021-08-25,1.046,1.228,0.0
2021-09-01,1.132,1.286,0.0
2021-09-08,1.148,1.322,0.0
2021-09-15,1.152,1.326,0.0
2021-09-22,1.118,1.338,0.0
2021-09-29,1.118,1.372,0.0
2021-10-06,1.282,1.536,0.0
2021-10-13,1.218,1.528,0.0
2021-10-20,1.144,1.524,0.0
2021-10-27,1.096,1.522,0.0
2021-11-03,1.114,1.512,0.0
2021-11-10,1.078,1.51,0.0
2021-11-17,1.034,1.51,0.0
2021-11-24,0.958,1.502,0.0
2021-12-01,0.942,1.45,0.0
2021-12-08,0.79,1.41,0.0
2021-12-15,0.806,1.42,0.0
2021-12-22,0.78,1.398,0.0
2021-12-29,0.728,1.414,0.0
2022-01-05,0.95,1.675,0.0
2022-01-12,0.832,1.638,0.0
2022-01-19,0.724,1.6,0.0
2022-01-26,0.666,1.568,0.0
2022-02-02,0.692,1.69,0.0
2022-02-09,0.506,1.622,0.0
2022-02-16,0.402,1.546,0.0
2022-02-23,0.39,1.588,0.0
2022-03-02,0.634,1.744,0.0
2022-03-09,0.464,1.748,0.0
2022-03-16,0.214,1.696,0.0
2022-03-23,-0.046,1.606,0.0
2022-03-30,-0.092,1.706,0.0
2022-04-06,0.262,2.078,0.0
2022-04-13,0.31,1.982,0.0
2022-04-20,0.136,1.93,0.0
2022-04-27,0.134,1.904,0.0
2022-05-04,0.1833,2.025,0.0
2022-05-11,0.288,1.958,0.0
2022-05-18,0.26,1.852,0.0
2022-05-25,0.388,1.832,0.0
2022-06-01,0.45,1.89,0.0
2022-06-08,0.31,1.842,0.0
2022-06-15,-0.132,1.436,0.0
2022-06-22,0.042,1.476,0.0
2022-06-29,0.092,1.33,0.0
2022-07-06,-0.056,1.008,0.0
2022-07-13,-0.202,0.588,0.0
2022-07-20,-0.242,0.4,0.0
2022-07-27,-0.044,0.412,0.0
2022-08-03,-0.166,0.356,0.0
2022-08-10,-0.34,0.256,0.0
2022-08-17,-0.34,0.19,0.0
2022-08-24,-0.438,0.058,0.0
2022-08-31,-0.3,0.186,0.0
2022-09-07,0.042,0.482,0.0
2022-09-14,-0.246,0.298,0.0
2022-09-21,-0.528,0.208,0.0
2022-09-28,-0.684,0.154,0.0
2022-10-05,-0.2067,0.545,0.0
2022-10-12,-0.386,0.296,0.0
2022-10-19,-0.528,-0.072,0.0
2022-10-26,-0.424,-0.164,0.0
2022-11-02,-0.698,-0.318,0.0
2022-11-09,-0.646,-0.394,0.0
2022-11-16,-0.522,-0.436,0.0
2022-11-23,-0.568,-0.514,0.0
2022-11-30,-0.588,-0.584,0.0
2022-12-07,-0.71,-0.702,0.0
2022-12-14,-0.628,-0.722,0.0
2022-12-21,-0.632,-0.728,0.0
2022-12-28,-0.718,-0.806,0.0
2023-01-04,-0.8483,-1.0117,0.0
2023-01-11,-0.664,-1.166,0.0
2023-01-18,-0.608,-1.17,0.0
2023-01-25,-0.63,-1.192,0.0
2023-02-01,-0.526,-1.026,0.0
2023-02-08,-0.718,-0.99,0.0
2023-02-15,-0.842,-1.066,0.0
2023-02-22,-0.924,-1.098,0.0
2023-03-01,-1.15,-1.202,0.0
2023-03-08,-1.228,-1.358,0.0
2023-03-15,-0.362,-1.092,0.0
2023-03-22,-0.254,-1.11,0.0
2023-03-29,-0.38,-1.206,0.0
2023-04-05,-0.4483,-1.4317,0.0
2023-04-12,-0.544,-1.616,0.0
2023-04-19,-0.724,-1.706,0.0
2023-04-26,-0.538,-1.692,0.0
2023-05-03,-0.364,-1.688,0.0
2023-05-10,-0.386,-1.688,0.0
2023-05-17,-0.568,-1.69,0.0
2023-05-24,-0.81,-1.796,0.0
2023-05-31,-0.804,-1.84,0.0
2023-06-07,-0.778,-1.664,0.0
2023-06-14,-0.906,-1.608,0.0
2023-06-21,-0.958,-1.638,0.0
2023-06-28,-1.018,-1.704,0.0
2023-07-05,-1.0367,-1.545,0.0
2023-07-12,-0.856,-1.58,0.0
2023-07-19,-0.868,-1.592,0.0
2023-07-26,-0.952,-1.612,0.0
2023-08-02,-0.756,-1.424,0.0
2023-08-09,-0.63,-1.382,0.0
2023-08-16,-0.772,-1.388,0.0
2023-08-23,-0.82,-1.41,0.0
2023-08-30,-0.682,-1.346,0.0
2023-09-06,-0.568,-1.162,0.0
2023-09-13,-0.606,-1.174,0.0
2023-09-20,-0.714,-1.176,0.0
2023-09-27,-0.68,-1.19,0.0
2023-10-04,-0.2767,-0.8067,0.0
2023-10-11,-0.226,-0.82,0.0
2023-10-18,-0.336,-0.804,0.0
2023-10-25,-0.232,-0.786,0.0
2023-11-01,-0.352,-0.946,0.0
2023-11-08,-0.468,-1.044,0.0
2023-11-15,-0.386,-1.022,0.0
2023-11-22,-0.39,-1.038,0.0
2023-11-29,-0.296,-1.054,0.0
2023-12-06,-0.6,-1.428,0.0
2023-12-13,-0.522,-1.428,0.0
2023-12-20,-0.344,-1.418,0.0
2023-12-27,-0.232,-1.416,0.0
2024-01-03,-0.274,-1.398,0.0
2024-01-10,-0.238,-1.406,0.0
2024-01-17,-0.226,-1.394,0.0
2024-01-24,-0.268,-1.386,0.0
2024-01-31,-0.176,-1.302,0.0
2024-02-07,-0.23,-1.224,0.0
2024-02-14,-0.362,-1.226,0.0
2024-02-21,-0.436,-1.236,0.0
2024-02-28,-0.432,-1.238,0.0
2024-03-06,-0.326,-1.26,0.0
2024-03-13,-0.41,-1.27,0.0
2024-03-20,-0.432,-1.264,0.0
2024-03-27,-0.354,-1.248,0.0
2024-04-03,-0.156,-0.884,0.0
2024-04-10,-0.32,-0.902,0.0
2024-04-17,-0.416,-0.912,0.0
2024-04-24,-0.388,-0.912,0.0
2024-05-01,-0.426,-0.952,0.0
2024-05-08,-0.35,-0.976,0.0
2024-05-15,-0.32,-0.97,0.0
2024-05-22,-0.388,-0.974,0.0
2024-05-29,-0.448,-0.98,0.0
2024-06-05,-0.4883,-1.1967,0.0
2024-06-12,-0.446,-1.204,0.0
2024-06-19,-0.396,-1.192,0.0
2024-06-26,-0.386,-1.182,0.0
2024-07-03,-0.456,-1.218,0.0
2024-07-10,-0.312,-1.2,0.0
2024-07-17,-0.198,-1.18,0.0
2024-07-24,-0.158,-1.152,0.0
2024-07-31,-0.11,-1.278,0.0
2024-08-07,-0.124,-1.47,0.0
2024-08-14,-0.134,-1.458,0.0
2024-08-21,-0.102,-1.408,0.0
2024-08-28,0.0,-1.352,0.0
2024-09-04,-0.0917,-1.4583,0.0
2024-09-11,0.1,-1.34,0.0
2024-09-18,0.14,-1.14,0.0
2024-09-25,0.172,-0.972,0.0
2024-10-02,0.318,-0.684,0.0
2024-10-09,0.122,-0.65,0.0
2024-10-16,0.152,-0.63,0.0
2024-10-23,0.04,-0.622,0.0
2024-10-30,0.002,-0.512,0.0
2024-11-06,0.14,-0.278,0.0
2024-11-13,0.056,-0.254,0.0
2024-11-20,0.044,-0.266,0.0
2024-11-27,0.174,-0.242,0.0
2024-12-04,0.2483,-0.0983,0.0
2024-12-11,0.218,0.01,0.0
2024-12-18,0.096,0.03,0.0
2024-12-25,0.092,0.026,0.0
2025-01-01,0.28,0.172,0.0
2025-01-08,0.324,0.278,0.0
2025-01-15,0.322,0.278,0.0
2025-01-22,0.348,0.276,0.0
2025-01-29,0.436,0.32,0.0
2025-02-05,0.2233,0.1167,0.0
2025-02-12,0.15,0.104,0.0
2025-02-19,0.19,0.116,0.0
2025-02-26,0.388,0.138,0.0
2025-03-05,0.305,-0.06,0.0
2025-03-12,0.32,-0.058,0.0
2025-03-19,0.284,-0.054,0.0
2025-03-26,0.312,-0.05,0.0
2025-04-02,0.468,-0.03,0.0
2025-04-09,0.45,-0.046,0.0
2025-04-16,0.466,-0.054,0.0
2025-04-23,0.514,-0.048,0.0
2025-04-30,0.646,0.02,0.0
2025-05-07,0.586,0.084,0.0
2025-05-14,0.422,0.022,0.0
2025-05-21,0.432,0.048,0.0
2025-05-28,0.482,0.064,0.0
2025-06-04,0.4433,-0.0433,0.0
2025-06-11,0.416,-0.07,0.0
2025-06-18,0.442,-0.036,0.0
2025-06-25,0.628,-0.004,0.0
2025-07-02,0.572,-0.032,0.0
2025-07-09,0.496,-0.038,0.0
2025-07-16,0.476,-0.032,0.0
2025-07-23,0.504,-0.034,0.0
2025-07-30,0.495,-0.02,0.0
